query_id,imp_pwc,imp_word,c_share,cited,retrieved,answer_sentiment,uncited,n_hallucinated,imp_pwc_cited,mentioned,mention_share,mentioned_not_cited,unparsed,cites_last_only,arm
s2-comp-01,0.86951,0.811678,0.777778,1,1,0.332937,0,0,0.86951,1,0.427778,0,0,0,baseline
s2-comp-02,0.667021,0.62482,0.616667,1,1,0.0927297,0,0,0.667021,0.666667,0.166667,0,0,0,baseline
s2-comp-03,0.335777,0.313551,0.373016,1,1,0.379742,0,0,0.335777,1,0.355556,0,0,0.333333,baseline
s2-comp-04,0.621712,0.550511,0.577778,1,1,0.495634,0,0,0.621712,1,0.3,0,0,0,baseline
s2-comp-05,0.464617,0.430832,0.466667,1,1,0.416352,0,0,0.464617,1,0.527778,0,0,0,baseline
s2-comp-06,0.602271,0.71386,0.611111,1,1,0.117008,0,0,0.602271,1,0.511111,0,0,0,baseline
s2-comp-07,0.283658,0.292413,0.194444,0.666667,1,0,0,0,0.283658,0.666667,0.166667,0,0,0,baseline
s2-comp-08,0.589179,0.537001,0.508333,1,1,0.00769711,0,0,0.589179,0.333333,0.0740741,0,0,0,baseline
s2-comp-09,0.892051,0.888889,0.888889,1,1,0.150336,0,0,0.892051,0.666667,0.444444,0,0,0.333333,baseline
s2-comp-10,0.598235,0.567164,0.555556,1,1,0.17033,0,0,0.598235,1,0.388889,0,0,0.333333,baseline
s2-comp-11,0.449402,0.414468,0.414815,1,1,0.13933,0,0,0.449402,0,0,0,0,0,baseline
s2-comp-12,0.170997,0.217786,0.222222,0.666667,1,-0.1366,0,0,0.170997,0,0,0,0,0,baseline
s2-comp-13,0.516696,0.40948,0.448148,1,1,0.0930089,0,0,0.516696,0.333333,0.037037,0,0,0,baseline
s2-comp-14,0.323576,0.293605,0.353571,1,1,0.0799322,0,0,0.323576,0,0,0,0,0,baseline
s2-comp-15,0.149627,0.138095,0.0833333,0.333333,1,-0.3818,0,0,0.149627,0.333333,0.0416667,0.333333,0,0,baseline
s2-comp-16,0.96762,0.952778,0.916667,1,1,0.175966,0,0,0.96762,0,0,0,0,0,baseline
s2-comp-17,0.650869,0.6261,0.615873,1,1,0.0682309,0,0,0.650869,0.333333,0.0512821,0,0,0,baseline
s2-comp-18,0.537807,0.573624,0.5,1,1,0.133227,0,0,0.537807,0,0,0,0,0,baseline
s2-info-01,0.540339,0.545381,0.555556,1,1,0.1488,0,0,0.540339,1,0.461111,0,0,0,baseline
s2-info-02,0.381832,0.418559,0.388889,0.666667,1,0.0454361,0,0,0.381832,1,0.522222,0.333333,0,0,baseline
s2-info-03,0.168604,0.209302,0.166667,0.333333,1,0,0,0,0.168604,1,0.611111,0.666667,0,0,baseline
s2-info-04,0.845716,0.802867,0.833333,1,1,0.13533,0,0,0.845716,0.666667,0.333333,0,0,0,baseline
s2-info-05,0.851212,0.846111,0.857143,1,1,0.131187,0,0,0.851212,1,0.416667,0,0,0,baseline
s2-info-06,0.883138,0.822222,0.833333,1,1,0.0822597,0,0,0.883138,1,0.361111,0,0,0,baseline
s2-info-07,0.697245,0.64903,0.666667,1,1,0.4019,0,0,0.697245,1,0.361111,0,0,0,baseline
s2-info-08,0.705102,0.679037,0.7,1,1,0.0563872,0,0,0.705102,1,0.373016,0,0,0,baseline
s2-info-09,0.35536,0.321563,0.25,0.666667,1,0.165337,0,0,0.35536,1,0.316667,0.333333,0,0,baseline
s2-info-10,0.753612,0.686926,0.666667,1,1,0.321954,0,0,0.753612,0.333333,0.111111,0,0,0,baseline
s2-info-11,0.666667,0.666667,0.666667,0.666667,1,0.4019,0.333333,0,1,0,0,0,0,0.666667,baseline
s2-info-12,1,1,1,1,1,0.174056,0,0,1,0.333333,0.111111,0,0,0.666667,baseline
s2-info-13,0.737569,0.734472,0.722222,1,1,0,0,0,0.737569,0.333333,0.0555556,0,0,0,baseline
s2-info-14,0.745114,0.677181,0.7,1,1,0.0202262,0,0,0.745114,0,0,0,0,0,baseline
s2-info-15,0.632018,0.567268,0.611111,1,1,-0.126576,0,0,0.632018,0,0,0,0,0,baseline
s2-info-16,0.85161,0.85614,0.833333,1,1,0.0854285,0,0,0.85161,0.666667,0.194444,0,0,0,baseline
s2-info-17,0.95202,0.926941,0.944444,1,1,0.143552,0,0,0.95202,0,0,0,0,0,baseline
s2-info-18,0.556219,0.527573,0.542328,1,1,-0.165947,0,0,0.556219,0,0,0,0,0,baseline
s2-tran-01,0.71453,0.730596,0.633333,1,1,0.279406,0,0,0.71453,1,0.555556,0,0,0,baseline
s2-tran-02,0.679394,0.760594,0.755556,1,1,-0.122979,0,0,0.679394,1,0.75,0,0,0,baseline
s2-tran-03,0.361099,0.474515,0.466667,1,1,0.0856802,0,0,0.361099,1,0.25,0,0,0,baseline
s2-tran-04,0.711994,0.705804,0.583333,1,1,-0.117693,0,0,0.711994,1,0.366667,0,0,0,baseline
s2-tran-05,0.737445,0.656794,0.711111,1,1,0.320995,0,0,0.737445,1,0.533333,0,0,0,baseline
s2-tran-06,0.643897,0.623123,0.611111,1,1,0.224068,0,0,0.643897,1,0.216667,0,0,0,baseline
s2-tran-07,0,0,0,0,0,,0,0,0,0,0,0,0,0,baseline
s2-tran-08,0.629678,0.625973,0.555556,1,1,0.170509,0,0,0.629678,1,0.388889,0,0,0,baseline
s2-tran-09,0.670431,0.638554,0.666667,1,1,0.161717,0,0,0.670431,1,0.383333,0,0,0,baseline
s2-tran-10,0.740345,0.687826,0.666667,1,1,0.250483,0,0,0.740345,1,0.264286,0,0,0,baseline
s2-tran-11,0.240651,0.320175,0.333333,0.666667,1,0.46655,0,0,0.240651,0.333333,0.166667,0,0,0,baseline
s2-tran-12,0.554873,0.494812,0.459259,1,1,0.0974179,0,0,0.554873,1,0.428571,0,0,0,baseline
s2-tran-13,0.386125,0.352567,0.333333,0.666667,1,0,0.333333,0,0.579187,0.666667,0.133333,0.333333,0,0,baseline
s2-tran-14,0.584377,0.53046,0.533333,1,1,0.322044,0,0,0.584377,0.666667,0.277778,0,0,0.333333,baseline
s2-tran-15,0.619283,0.621631,0.619048,1,1,0.0794245,0,0,0.619283,1,0.333333,0,0,0,baseline
s2-tran-16,0.675711,0.634101,0.722222,1,1,0.253591,0,0,0.675711,0,0,0,0,0,baseline
s2-tran-17,0.367974,0.297129,0.388889,1,1,0.0246889,0,0,0.367974,1,0.277778,0,0,0,baseline
s2-tran-18,0.768628,0.79078,0.722222,1,1,0,0,0,0.768628,0,0,0,0,0,baseline
s2-trou-01,1,1,1,1,1,0,0,0,1,1,0.25,0,0,0,baseline
s2-trou-02,0.944962,0.91453,0.888889,1,1,-0.101177,0,0,0.944962,0.666667,0.177778,0,0,0.333333,baseline
s2-trou-03,1,1,1,1,1,0.349169,0,0,1,1,0.605556,0,0,0,baseline
s2-trou-04,0.990611,0.988048,0.97619,1,1,-0.107283,0,0,0.990611,0.333333,0.0833333,0,0,0,baseline
s2-trou-05,0.939415,0.911348,0.933333,1,1,0.0883031,0,0,0.939415,0,0,0,0,0,baseline
s2-trou-06,0.531909,0.4502,0.5,1,1,0,0,0,0.531909,1,0.377778,0,0,0,baseline
s2-trou-07,0.561902,0.551361,0.522222,1,1,0.016031,0,0,0.561902,1,0.152778,0,0,0,baseline
s2-trou-08,0.319095,0.333333,0.333333,0.666667,1,0.248223,0,0,0.319095,0,0,0,0,0.333333,baseline
s2-trou-09,0.498329,0.539194,0.505828,1,1,0.463654,0,0,0.498329,0.666667,0.127946,0,0,0,baseline
s2-trou-10,0.399494,0.326789,0.373016,1,1,-0.0463867,0,0,0.399494,0,0,0,0,0,baseline
s2-trou-11,0.872615,0.885522,0.933333,1,1,-0.208373,0,0,0.872615,0.333333,0.047619,0,0,0,baseline
s2-trou-12,0.242381,0.223478,0.261712,1,1,-0.531513,0,0,0.242381,0,0,0,0,0,baseline
s2-trou-13,0.597043,0.565432,0.566667,1,1,-0.290945,0,0,0.597043,0,0,0,0,0,baseline
s2-trou-14,0.759467,0.719298,0.75,1,1,0.0435951,0,0,0.759467,0.333333,0.111111,0,0,0,baseline
s2-trou-15,0.414047,0.419192,0.398148,1,1,0.140913,0,0,0.414047,0.333333,0.0666667,0,0,0,baseline
s2-trou-16,0.579119,0.500452,0.477778,1,1,-0.0686392,0,0,0.579119,0,0,0,0,0,baseline
s2-trou-17,0.468347,0.438079,0.455556,1,1,-0.0712322,0,0,0.468347,0,0,0,0,0,baseline
s2-trou-18,0.383987,0.374954,0.444444,1,1,0.137199,0,0,0.383987,0,0,0,0,0.333333,baseline
s2-comp-01,0.86951,0.811678,0.777778,1,1,0.332937,0,0,0.86951,1,0.427778,0,0,0,noop
s2-comp-02,0.667021,0.62482,0.616667,1,1,0.0927297,0,0,0.667021,0.666667,0.166667,0,0,0,noop
s2-comp-03,0.335777,0.313551,0.373016,1,1,0.379742,0,0,0.335777,1,0.355556,0,0,0.333333,noop
s2-comp-04,0.621712,0.550511,0.577778,1,1,0.495634,0,0,0.621712,1,0.3,0,0,0,noop
s2-comp-05,0.464617,0.430832,0.466667,1,1,0.416352,0,0,0.464617,1,0.527778,0,0,0,noop
s2-comp-06,0.602271,0.71386,0.611111,1,1,0.117008,0,0,0.602271,1,0.511111,0,0,0,noop
s2-comp-07,0.283658,0.292413,0.194444,0.666667,1,0,0,0,0.283658,0.666667,0.166667,0,0,0,noop
s2-comp-08,0.589179,0.537001,0.508333,1,1,0.00769711,0,0,0.589179,0.333333,0.0740741,0,0,0,noop
s2-comp-09,0.892051,0.888889,0.888889,1,1,0.150336,0,0,0.892051,0.666667,0.444444,0,0,0.333333,noop
s2-comp-10,0.598235,0.567164,0.555556,1,1,0.17033,0,0,0.598235,1,0.388889,0,0,0.333333,noop
s2-comp-11,0.449402,0.414468,0.414815,1,1,0.13933,0,0,0.449402,0,0,0,0,0,noop
s2-comp-12,0.170997,0.217786,0.222222,0.666667,1,-0.1366,0,0,0.170997,0,0,0,0,0,noop
s2-comp-13,0.516696,0.40948,0.448148,1,1,0.0930089,0,0,0.516696,0.333333,0.037037,0,0,0,noop
s2-comp-14,0.323576,0.293605,0.353571,1,1,0.0799322,0,0,0.323576,0,0,0,0,0,noop
s2-comp-15,0.149627,0.138095,0.0833333,0.333333,1,-0.3818,0,0,0.149627,0.333333,0.0416667,0.333333,0,0,noop
s2-comp-16,0.96762,0.952778,0.916667,1,1,0.175966,0,0,0.96762,0,0,0,0,0,noop
s2-comp-17,0.650869,0.6261,0.615873,1,1,0.0682309,0,0,0.650869,0.333333,0.0512821,0,0,0,noop
s2-comp-18,0.537807,0.573624,0.5,1,1,0.133227,0,0,0.537807,0,0,0,0,0,noop
s2-info-01,0.540339,0.545381,0.555556,1,1,0.1488,0,0,0.540339,1,0.461111,0,0,0,noop
s2-info-02,0.381832,0.418559,0.388889,0.666667,1,0.0454361,0,0,0.381832,1,0.522222,0.333333,0,0,noop
s2-info-03,0.168604,0.209302,0.166667,0.333333,1,0,0,0,0.168604,1,0.611111,0.666667,0,0,noop
s2-info-04,0.845716,0.802867,0.833333,1,1,0.13533,0,0,0.845716,0.666667,0.333333,0,0,0,noop
s2-info-05,0.851212,0.846111,0.857143,1,1,0.131187,0,0,0.851212,1,0.416667,0,0,0,noop
s2-info-06,0.883138,0.822222,0.833333,1,1,0.0822597,0,0,0.883138,1,0.361111,0,0,0,noop
s2-info-07,0.697245,0.64903,0.666667,1,1,0.4019,0,0,0.697245,1,0.361111,0,0,0,noop
s2-info-08,0.705102,0.679037,0.7,1,1,0.0563872,0,0,0.705102,1,0.373016,0,0,0,noop
s2-info-09,0.35536,0.321563,0.25,0.666667,1,0.165337,0,0,0.35536,1,0.316667,0.333333,0,0,noop
s2-info-10,0.753612,0.686926,0.666667,1,1,0.321954,0,0,0.753612,0.333333,0.111111,0,0,0,noop
s2-info-11,0.666667,0.666667,0.666667,0.666667,1,0.4019,0.333333,0,1,0,0,0,0,0.666667,noop
s2-info-12,1,1,1,1,1,0.174056,0,0,1,0.333333,0.111111,0,0,0.666667,noop
s2-info-13,0.737569,0.734472,0.722222,1,1,0,0,0,0.737569,0.333333,0.0555556,0,0,0,noop
s2-info-14,0.745114,0.677181,0.7,1,1,0.0202262,0,0,0.745114,0,0,0,0,0,noop
s2-info-15,0.632018,0.567268,0.611111,1,1,-0.126576,0,0,0.632018,0,0,0,0,0,noop
s2-info-16,0.85161,0.85614,0.833333,1,1,0.0854285,0,0,0.85161,0.666667,0.194444,0,0,0,noop
s2-info-17,0.95202,0.926941,0.944444,1,1,0.143552,0,0,0.95202,0,0,0,0,0,noop
s2-info-18,0.556219,0.527573,0.542328,1,1,-0.165947,0,0,0.556219,0,0,0,0,0,noop
s2-tran-01,0.71453,0.730596,0.633333,1,1,0.279406,0,0,0.71453,1,0.555556,0,0,0,noop
s2-tran-02,0.679394,0.760594,0.755556,1,1,-0.122979,0,0,0.679394,1,0.75,0,0,0,noop
s2-tran-03,0.361099,0.474515,0.466667,1,1,0.0856802,0,0,0.361099,1,0.25,0,0,0,noop
s2-tran-04,0.711994,0.705804,0.583333,1,1,-0.117693,0,0,0.711994,1,0.366667,0,0,0,noop
s2-tran-05,0.737445,0.656794,0.711111,1,1,0.320995,0,0,0.737445,1,0.533333,0,0,0,noop
s2-tran-06,0.643897,0.623123,0.611111,1,1,0.224068,0,0,0.643897,1,0.216667,0,0,0,noop
s2-tran-07,0,0,0,0,0,,0,0,0,0,0,0,0,0,noop
s2-tran-08,0.629678,0.625973,0.555556,1,1,0.170509,0,0,0.629678,1,0.388889,0,0,0,noop
s2-tran-09,0.670431,0.638554,0.666667,1,1,0.161717,0,0,0.670431,1,0.383333,0,0,0,noop
s2-tran-10,0.740345,0.687826,0.666667,1,1,0.250483,0,0,0.740345,1,0.264286,0,0,0,noop
s2-tran-11,0.240651,0.320175,0.333333,0.666667,1,0.46655,0,0,0.240651,0.333333,0.166667,0,0,0,noop
s2-tran-12,0.554873,0.494812,0.459259,1,1,0.0974179,0,0,0.554873,1,0.428571,0,0,0,noop
s2-tran-13,0.386125,0.352567,0.333333,0.666667,1,0,0.333333,0,0.579187,0.666667,0.133333,0.333333,0,0,noop
s2-tran-14,0.584377,0.53046,0.533333,1,1,0.322044,0,0,0.584377,0.666667,0.277778,0,0,0.333333,noop
s2-tran-15,0.619283,0.621631,0.619048,1,1,0.0794245,0,0,0.619283,1,0.333333,0,0,0,noop
s2-tran-16,0.675711,0.634101,0.722222,1,1,0.253591,0,0,0.675711,0,0,0,0,0,noop
s2-tran-17,0.367974,0.297129,0.388889,1,1,0.0246889,0,0,0.367974,1,0.277778,0,0,0,noop
s2-tran-18,0.768628,0.79078,0.722222,1,1,0,0,0,0.768628,0,0,0,0,0,noop
s2-trou-01,1,1,1,1,1,0,0,0,1,1,0.25,0,0,0,noop
s2-trou-02,0.944962,0.91453,0.888889,1,1,-0.101177,0,0,0.944962,0.666667,0.177778,0,0,0.333333,noop
s2-trou-03,1,1,1,1,1,0.349169,0,0,1,1,0.605556,0,0,0,noop
s2-trou-04,0.990611,0.988048,0.97619,1,1,-0.107283,0,0,0.990611,0.333333,0.0833333,0,0,0,noop
s2-trou-05,0.939415,0.911348,0.933333,1,1,0.0883031,0,0,0.939415,0,0,0,0,0,noop
s2-trou-06,0.531909,0.4502,0.5,1,1,0,0,0,0.531909,1,0.377778,0,0,0,noop
s2-trou-07,0.561902,0.551361,0.522222,1,1,0.016031,0,0,0.561902,1,0.152778,0,0,0,noop
s2-trou-08,0.319095,0.333333,0.333333,0.666667,1,0.248223,0,0,0.319095,0,0,0,0,0.333333,noop
s2-trou-09,0.498329,0.539194,0.505828,1,1,0.463654,0,0,0.498329,0.666667,0.127946,0,0,0,noop
s2-trou-10,0.399494,0.326789,0.373016,1,1,-0.0463867,0,0,0.399494,0,0,0,0,0,noop
s2-trou-11,0.872615,0.885522,0.933333,1,1,-0.208373,0,0,0.872615,0.333333,0.047619,0,0,0,noop
s2-trou-12,0.242381,0.223478,0.261712,1,1,-0.531513,0,0,0.242381,0,0,0,0,0,noop
s2-trou-13,0.597043,0.565432,0.566667,1,1,-0.290945,0,0,0.597043,0,0,0,0,0,noop
s2-trou-14,0.759467,0.719298,0.75,1,1,0.0435951,0,0,0.759467,0.333333,0.111111,0,0,0,noop
s2-trou-15,0.414047,0.419192,0.398148,1,1,0.140913,0,0,0.414047,0.333333,0.0666667,0,0,0,noop
s2-trou-16,0.579119,0.500452,0.477778,1,1,-0.0686392,0,0,0.579119,0,0,0,0,0,noop
s2-trou-17,0.468347,0.438079,0.455556,1,1,-0.0712322,0,0,0.468347,0,0,0,0,0,noop
s2-trou-18,0.383987,0.374954,0.444444,1,1,0.137199,0,0,0.383987,0,0,0,0,0.333333,noop
s2-comp-01,0.965003,0.940351,0.916667,1,1,0.319993,0,0,0.965003,1,0.289683,0,0,0,aa_resample
s2-comp-02,0.529899,0.490979,0.527778,1,1,0.0247015,0,0,0.529899,1,0.188889,0,0,0,aa_resample
s2-comp-03,0.707993,0.712963,0.7,1,1,0.337005,0,0,0.707993,1,0.430556,0,0,0.333333,aa_resample
s2-comp-04,1,1,1,1,1,0.478718,0,0,1,1,0.428571,0,0,0.333333,aa_resample
s2-comp-05,0.539311,0.520864,0.546296,1,1,0.17326,0,0,0.539311,1,0.414286,0,0,0,aa_resample
s2-comp-06,0.489353,0.536345,0.5,0.666667,1,0.115324,0,0,0.489353,0.666667,0.25,0,0,0,aa_resample
s2-comp-07,0.526116,0.562724,0.472222,1,1,0.219178,0,0,0.526116,1,0.555556,0,0,0,aa_resample
s2-comp-08,0.400454,0.348097,0.411111,1,1,0.289362,0,0,0.400454,1,0.416667,0,0,0,aa_resample
s2-comp-09,0.822066,0.788174,0.755556,1,1,-0.0500592,0,0,0.822066,1,0.444444,0,0,0,aa_resample
s2-comp-10,0.57623,0.422455,0.373016,1,1,0.313728,0,0,0.57623,1,0.45,0,0,0,aa_resample
s2-comp-11,0.559703,0.535532,0.542105,1,1,0.176391,0,0,0.559703,0,0,0,0,0,aa_resample
s2-comp-12,0.190156,0.24127,0.240741,0.666667,1,-0.198698,0,0,0.190156,0.333333,0.0333333,0,0,0,aa_resample
s2-comp-13,0.414105,0.342152,0.355556,1,1,0.0845925,0,0,0.414105,0,0,0,0,0,aa_resample
s2-comp-14,0.462122,0.452455,0.468254,1,1,-0.0162125,0,0,0.462122,0.333333,0.111111,0,0,0,aa_resample
s2-comp-15,0.347843,0.332899,0.266667,0.666667,1,-0.124149,0,0,0.347843,0.333333,0.0555556,0,0,0,aa_resample
s2-comp-16,0.862424,0.875556,0.857143,1,1,0.0920218,0,0,0.862424,0,0,0,0,0,aa_resample
s2-comp-17,0.723572,0.682891,0.688889,1,1,0.253449,0,0,0.723572,0,0,0,0,0,aa_resample
s2-comp-18,0.46708,0.492746,0.490079,1,1,0.000361815,0,0,0.46708,0.333333,0.111111,0,0,0,aa_resample
s2-info-01,0.532992,0.57716,0.533333,1,1,0.25601,0,0,0.532992,1,0.361111,0,0,0,aa_resample
s2-info-02,0.0986261,0.134259,0.0666667,0.333333,1,0.5256,0,0,0.0986261,1,0.345238,0.666667,0,0,aa_resample
s2-info-03,0.400035,0.503163,0.555556,1,1,0.140428,0,0,0.400035,1,0.555556,0,0,0,aa_resample
s2-info-04,0.714038,0.658163,0.611111,1,1,0.0930078,0,0,0.714038,1,0.288889,0,0,0,aa_resample
s2-info-05,1,1,1,1,1,0.148729,0,0,1,0.666667,0.333333,0,0,0.333333,aa_resample
s2-info-06,0.750609,0.674181,0.644444,1,1,-0.0641506,0,0,0.750609,1,0.5,0,0,0,aa_resample
s2-info-07,0.366611,0.327885,0.333333,0.666667,1,0.411623,0,0,0.366611,1,0.522222,0.333333,0,0,aa_resample
s2-info-08,0.474452,0.38746,0.411111,1,1,0.234178,0,0,0.474452,1,0.416667,0,0,0,aa_resample
s2-info-09,0.19614,0.241489,0.190476,0.666667,1,0.0219344,0,0,0.19614,1,0.395238,0.333333,0,0,aa_resample
s2-info-10,0.675821,0.664199,0.625,1,1,0.185581,0,0,0.675821,0.666667,0.140741,0,0,0,aa_resample
s2-info-11,0.468055,0.451613,0.444444,0.666667,1,0.283857,0,0,0.468055,0,0,0,0,0.666667,aa_resample
s2-info-12,0.850455,0.885572,0.888889,1,1,0.1204,0,0,0.850455,1,0.261111,0,0,0.666667,aa_resample
s2-info-13,0.459336,0.436925,0.611111,1,1,0,0,0,0.459336,0.333333,0.0952381,0,0,0,aa_resample
s2-info-14,0.748348,0.749104,0.738095,1,1,0.101041,0,0,0.748348,0.333333,0.0416667,0,0,0,aa_resample
s2-info-15,0.583198,0.624074,0.611111,1,1,-0.240019,0,0,0.583198,0,0,0,0,0,aa_resample
s2-info-16,0.722598,0.68183,0.672222,1,1,0,0,0,0.722598,0.666667,0.133333,0,0,0,aa_resample
s2-info-17,0.880706,0.83731,0.805556,1,1,-0.0480337,0,0,0.880706,0,0,0,0,0,aa_resample
s2-info-18,0.655664,0.641055,0.655556,1,1,0.175907,0,0,0.655664,0,0,0,0,0,aa_resample
s2-tran-01,0.601079,0.643744,0.555556,1,1,0.242621,0,0,0.601079,1,0.361111,0,0,0,aa_resample
s2-tran-02,0.560644,0.631361,0.527778,1,1,0.0700336,0,0,0.560644,1,0.833333,0,0,0,aa_resample
s2-tran-03,0.294759,0.366426,0.333333,1,1,0.2083,0,0,0.294759,1,0.277778,0,0,0,aa_resample
s2-tran-04,0.55572,0.538095,0.566667,1,1,-0.190073,0,0,0.55572,1,0.47619,0,0,0,aa_resample
s2-tran-05,0.666667,0.666667,0.666667,0.666667,1,0.299273,0.333333,0,1,1,0.5,0.333333,0.333333,0,aa_resample
s2-tran-06,1,1,1,1,1,0,0,0,1,1,0.444444,0,0,0,aa_resample
s2-tran-07,0,0,0,0,0,,0,0,0,0,0,0,0,0,aa_resample
s2-tran-08,0.695439,0.661152,0.611111,1,1,0.190633,0,0,0.695439,1,0.388889,0,0,0,aa_resample
s2-tran-09,0.613326,0.616466,0.633333,1,1,0.251513,0,0,0.613326,1,0.522222,0,0,0,aa_resample
s2-tran-10,0.70245,0.68638,0.642857,1,1,0.0681988,0,0,0.70245,0.666667,0.216667,0,0,0,aa_resample
s2-tran-11,0.333333,0.333333,0.333333,0.333333,1,0,0,0,0.333333,0.333333,0.333333,0,0,0,aa_resample
s2-tran-12,0.709009,0.622521,0.593434,1,1,0.0860767,0,0,0.709009,1,0.365079,0,0,0,aa_resample
s2-tran-13,0.407226,0.383838,0.4,1,1,0.259133,0,0,0.407226,0.666667,0.15,0,0,0.666667,aa_resample
s2-tran-14,0.304636,0.227383,0.261111,1,1,0.056039,0,0,0.304636,0.666667,0.114286,0,0,0,aa_resample
s2-tran-15,0.701843,0.695042,0.666667,1,1,-0.0824059,0,0,0.701843,1,0.316667,0,0,0,aa_resample
s2-tran-16,0.611306,0.535354,0.666667,1,1,0.150392,0,0,0.611306,0,0,0,0,0,aa_resample
s2-tran-17,0.406896,0.324053,0.388889,1,1,0,0,0,0.406896,1,0.333333,0,0,0,aa_resample
s2-tran-18,0.773976,0.789177,0.75,1,1,0.0539686,0,0,0.773976,0,0,0,0,0,aa_resample
s2-trou-01,0.914842,0.903509,0.916667,1,1,0.234049,0,0,0.914842,1,0.4,0,0,0,aa_resample
s2-trou-02,1,1,1,1,1,-0.125709,0,0,1,1,0.233333,0,0,0,aa_resample
s2-trou-03,0.75975,0.734127,0.740741,1,1,0.157736,0,0,0.75975,1,0.412698,0,0,0,aa_resample
s2-trou-04,0.853951,0.8125,0.833333,1,1,-0.11431,0,0,0.853951,0.666667,0.116667,0,0,0,aa_resample
s2-trou-05,0.640679,0.587323,0.583333,1,1,0.153261,0,0,0.640679,0.333333,0.0666667,0,0,0,aa_resample
s2-trou-06,0.413921,0.360806,0.361111,1,1,0.3612,0,0,0.413921,0.666667,0.333333,0,0,0.333333,aa_resample
s2-trou-07,0.401276,0.420687,0.468254,1,1,0.471077,0,0,0.401276,0.666667,0.15873,0,0,0,aa_resample
s2-trou-08,0.579558,0.515405,0.459091,1,1,0.0338444,0,0,0.579558,0,0,0,0.333333,0,aa_resample
s2-trou-09,0.64431,0.646869,0.624339,1,1,0.432143,0,0,0.64431,1,0.199074,0,0,0,aa_resample
s2-trou-10,0.274806,0.229389,0.263889,1,1,-0.114001,0,0,0.274806,0,0,0,0.333333,0,aa_resample
s2-trou-11,0.626884,0.657624,0.702381,1,1,0.0958376,0,0,0.626884,0.333333,0.0833333,0,0,0,aa_resample
s2-trou-12,0.133984,0.0947858,0.15,0.666667,1,-0.58515,0,0,0.133984,0,0,0,0,0,aa_resample
s2-trou-13,0.574297,0.571297,0.468254,1,1,-0.153708,0,0,0.574297,0,0,0,0,0,aa_resample
s2-trou-14,0.605401,0.554092,0.577778,1,1,0.164974,0,0,0.605401,0,0,0,0,0,aa_resample
s2-trou-15,0.421637,0.424694,0.466667,1,1,0.0798661,0,0,0.421637,0.666667,0.121693,0,0,0,aa_resample
s2-trou-16,0.638242,0.622934,0.62381,1,1,-0.11594,0,0,0.638242,0,0,0,0,0,aa_resample
s2-trou-17,0.322428,0.314155,0.339683,1,1,-0.11047,0,0,0.322428,0,0,0,0,0.333333,aa_resample
s2-trou-18,0.308991,0.320106,0.333333,0.666667,1,-0.113797,0.333333,0,0.463487,0,0,0,0,0.333333,aa_resample
s2-comp-01,1,1,1,1,1,0.22599,0,0,1,1,0.327778,0,0,0,answer_first
s2-comp-02,0.703005,0.660591,0.666667,1,1,0.192014,0,0,0.703005,0.666667,0.244444,0,0,0,answer_first
s2-comp-03,0.459936,0.532255,0.555556,1,1,0.41586,0,0,0.459936,1,0.261905,0,0,0.333333,answer_first
s2-comp-04,0.64481,0.55929,0.611111,1,1,0.403709,0,0,0.64481,1,0.286905,0,0,0,answer_first
s2-comp-05,0.698479,0.679611,0.721212,1,1,0.552509,0,0,0.698479,1,0.411111,0,0,0,answer_first
s2-comp-06,0.368049,0.404107,0.366667,0.666667,1,-0.0105814,0,0,0.368049,1,0.458333,0.333333,0,0,answer_first
s2-comp-07,0.237024,0.252091,0.27381,0.666667,1,0.507515,0,0,0.237024,0.666667,0.133333,0,0,0,answer_first
s2-comp-08,0.22239,0.253968,0.25,0.666667,1,0.310439,0,0,0.22239,1,0.272222,0.333333,0,0,answer_first
s2-comp-09,0.754757,0.75322,0.766667,1,1,0.0384122,0,0,0.754757,1,0.516667,0,0,0,answer_first
s2-comp-10,0.513149,0.424663,0.555556,1,1,0.308703,0,0,0.513149,1,0.583333,0,0,0,answer_first
s2-comp-11,0.584635,0.595479,0.607143,1,1,0.0831293,0,0,0.584635,0.333333,0.0833333,0,0,0,answer_first
s2-comp-12,0.0862563,0.102397,0.121212,0.333333,1,0.285274,0,0,0.0862563,0.333333,0.0277778,0,0,0,answer_first
s2-comp-13,0.608946,0.562123,0.611111,1,1,-0.0320615,0,0,0.608946,0,0,0,0,0,answer_first
s2-comp-14,0.354775,0.311666,0.442857,1,1,0.0754333,0,0,0.354775,0,0,0,0,0,answer_first
s2-comp-15,0.40583,0.321571,0.333333,1,1,-0.161536,0,0,0.40583,0,0,0,0,0,answer_first
s2-comp-16,0.646984,0.583315,0.522222,1,1,0.0879198,0,0,0.646984,0.333333,0.111111,0,0,0,answer_first
s2-comp-17,0.710992,0.694333,0.674074,1,1,0.297257,0,0,0.710992,0.333333,0.0666667,0,0,0,answer_first
s2-comp-18,0.221328,0.236239,0.25,1,1,0.391021,0,0,0.221328,0,0,0,0,0,answer_first
s2-info-01,0.501895,0.510093,0.533333,1,1,0.0822078,0,0,0.501895,1,0.35,0,0,0.333333,answer_first
s2-info-02,0,0,0,0,1,,0,0,0,1,0.383333,1,0,0,answer_first
s2-info-03,0.698585,0.646653,0.666667,1,1,0,0,0,0.698585,1,0.644444,0,0,0,answer_first
s2-info-04,0.418161,0.392675,0.416667,1,1,0.0323475,0,0,0.418161,0.666667,0.416667,0,0,0,answer_first
s2-info-05,0.949697,0.95122,0.916667,1,1,0.018619,0,0,0.949697,1,0.244444,0,0,0,answer_first
s2-info-06,0.904273,0.868313,0.888889,1,1,0.106493,0,0,0.904273,1,0.333333,0,0,0,answer_first
s2-info-07,0.540965,0.581481,0.611111,1,1,0.418367,0,0,0.540965,1,0.388889,0,0,0,answer_first
s2-info-08,0.420499,0.417611,0.333333,0.666667,1,0.1806,0,0,0.420499,0.666667,0.277778,0.333333,0,0,answer_first
s2-info-09,0.370807,0.310075,0.27862,1,1,0.126097,0,0,0.370807,1,0.389731,0,0,0,answer_first
s2-info-10,0.674107,0.62801,0.666667,1,1,0.288593,0,0,0.674107,0.333333,0.0555556,0,0,0,answer_first
s2-info-11,0.111111,0.111111,0.111111,0.333333,1,-0.2732,0,0,0.111111,0,0,0,0,0.666667,answer_first
s2-info-12,0.834407,0.817204,0.833333,1,1,0.176079,0,0,0.834407,1,0.3,0,0,0.333333,answer_first
s2-info-13,0.673686,0.686177,0.638889,1,1,-0.056418,0,0,0.673686,0,0,0,0,0,answer_first
s2-info-14,0.681169,0.632387,0.633333,1,1,0.107392,0,0,0.681169,0,0,0,0,0,answer_first
s2-info-15,0.683848,0.646062,0.616667,1,1,-0.192427,0,0,0.683848,0.333333,0.0833333,0,0,0,answer_first
s2-info-16,0.0365694,0.0516432,0.0833333,0.333333,1,0,0,0,0.0365694,0,0,0,0,0,answer_first
s2-info-17,0.839427,0.796748,0.833333,1,1,0.0414397,0,0,0.839427,0,0,0,0,0,answer_first
s2-info-18,0.364082,0.280859,0.314815,1,1,0.299177,0,0,0.364082,0,0,0,0,0,answer_first
s2-tran-01,0.339099,0.29798,0.333333,0.666667,1,0.23835,0,0,0.339099,1,0.416667,0.333333,0,0.333333,answer_first
s2-tran-02,0.613237,0.610417,0.633333,1,1,0.0156402,0,0,0.613237,1,0.644444,0,0,0,answer_first
s2-tran-03,0.135554,0.162963,0.166667,0.333333,1,0,0,0,0.135554,0.666667,0.194444,0.333333,0,0,answer_first
s2-tran-04,0.382739,0.420603,0.355556,0.666667,1,-0.0932161,0,0,0.382739,1,0.383333,0.333333,0,0,answer_first
s2-tran-05,0.719872,0.6749,0.7,1,1,0.149887,0,0,0.719872,1,0.577778,0,0,0,answer_first
s2-tran-06,0.790692,0.726732,0.755556,1,1,0.0382101,0,0,0.790692,1,0.388889,0,0,0,answer_first
s2-tran-07,0,0,0,0,0,,0,0,0,0,0,0,0,0,answer_first
s2-tran-08,0.508601,0.473221,0.477778,1,1,0.121119,0,0,0.508601,1,0.485185,0,0,0,answer_first
s2-tran-09,0.27404,0.311508,0.3,0.666667,1,0.365698,0,0,0.27404,1,0.288889,0.333333,0,0.333333,answer_first
s2-tran-10,0.607106,0.490336,0.555556,1,1,0.0218644,0,0,0.607106,1,0.288889,0,0,0,answer_first
s2-tran-11,0.322335,0.325,0.333333,0.666667,1,0.173146,0,0,0.322335,0.666667,0.138889,0,0,0,answer_first
s2-tran-12,0.61207,0.533467,0.433333,1,1,0.0934485,0,0,0.61207,1,0.357143,0,0,0,answer_first
s2-tran-13,0.528248,0.480278,0.420635,1,1,0.0373659,0,0,0.528248,0.666667,0.0925926,0,0,0.333333,answer_first
s2-tran-14,0.0485376,0.0685358,0.0952381,0.333333,1,0.425503,0,0,0.0485376,0,0,0,0,0,answer_first
s2-tran-15,0.418499,0.375249,0.369444,1,1,0.138491,0,0,0.418499,1,0.327778,0,0,0,answer_first
s2-tran-16,0,0,0,0,1,,0,0,0,0,0,0,0,0,answer_first
s2-tran-17,0.324676,0.27109,0.277778,0.666667,1,0,0,0,0.324676,1,0.416667,0.333333,0,0,answer_first
s2-tran-18,0.352427,0.330395,0.416667,1,1,0,0,0,0.352427,0,0,0,0,0,answer_first
s2-trou-01,1,1,1,1,1,0.106907,0,0,1,1,0.416667,0,0,0,answer_first
s2-trou-02,0.762916,0.733333,0.733333,1,1,-0.2123,0,0,0.762916,0.666667,0.15,0,0,0.333333,answer_first
s2-trou-03,0.766089,0.771689,0.761905,1,1,0.363751,0,0,0.766089,1,0.644444,0,0,0,answer_first
s2-trou-04,0.620677,0.663047,0.671958,1,1,0.14093,0,0,0.620677,0.333333,0.0196078,0,0,0,answer_first
s2-trou-05,0.606836,0.532786,0.619048,1,1,0.0534073,0,0,0.606836,0.666667,0.114286,0,0,0,answer_first
s2-trou-06,0.441596,0.455338,0.444444,1,1,0.104721,0,0,0.441596,0.666667,0.166667,0,0,0,answer_first
s2-trou-07,0.700129,0.715416,0.629223,1,1,0.241231,0,0,0.700129,1,0.14537,0,0,0,answer_first
s2-trou-08,0.158545,0.173277,0.194444,0.666667,1,-0.0386,0,0,0.158545,0,0,0,0,0,answer_first
s2-trou-09,0.188229,0.240361,0.214286,1,1,0.498014,0,0,0.188229,0,0,0,0,0,answer_first
s2-trou-10,0.551847,0.444856,0.52381,1,1,0.14487,0,0,0.551847,0,0,0,0,0,answer_first
s2-trou-11,0.441564,0.491462,0.472222,0.666667,1,-0.0766435,0.333333,0,0.662346,0.666667,0.103175,0.333333,0,0,answer_first
s2-trou-12,0.498298,0.477937,0.444444,0.666667,1,-0.363081,0,0,0.498298,0,0,0,0,0,answer_first
s2-trou-13,0.410642,0.447067,0.482323,1,1,-0.251471,0,0,0.410642,0.333333,0.047619,0,0,0,answer_first
s2-trou-14,0.389079,0.334736,0.333333,0.666667,1,0.212529,0,0,0.389079,0,0,0,0,0,answer_first
s2-trou-15,0.439271,0.422126,0.451515,1,1,0.0316798,0,0,0.439271,0.333333,0.0416667,0,0,0,answer_first
s2-trou-16,0.271317,0.28479,0.285714,0.333333,1,0.0117909,0,0,0.271317,0.666667,0.0626781,0.666667,0.666667,0,answer_first
s2-trou-17,0.133682,0.132779,0.122222,0.666667,1,0.0640547,0,0,0.133682,0,0,0,0,0,answer_first
s2-trou-18,0.921516,0.883598,0.888889,1,1,0.0612799,0,0,0.921516,0,0,0,0,0,answer_first
s2-comp-01,0.86951,0.811678,0.777778,1,1,0.332937,0,0,0.86951,1,0.427778,0,0,0,evidence_surface_llm
s2-comp-02,0.560694,0.487536,0.505556,1,1,0.402502,0,0,0.560694,0.666667,0.15,0,0,0,evidence_surface_llm
s2-comp-03,0.472544,0.402984,0.477778,1,1,0.440045,0,0,0.472544,1,0.241558,0,0,0,evidence_surface_llm
s2-comp-04,0.742433,0.647619,0.680556,1,1,0.200767,0,0,0.742433,1,0.327778,0,0,0,evidence_surface_llm
s2-comp-05,0.546685,0.501065,0.555556,1,1,0.0750225,0,0,0.546685,1,0.466667,0,0,0,evidence_surface_llm
s2-comp-06,0.37625,0.406643,0.396825,1,1,0.00389815,0,0,0.37625,1,0.314286,0,0,0,evidence_surface_llm
s2-comp-07,0.394857,0.45087,0.416667,1,1,0.293914,0,0,0.394857,0.666667,0.166667,0,0,0,evidence_surface_llm
s2-comp-08,0.517872,0.472886,0.47619,1,1,0.155015,0,0,0.517872,1,0.134259,0,0,0.333333,evidence_surface_llm
s2-comp-09,1,1,1,1,1,0.172026,0,0,1,1,0.611111,0,0,0,evidence_surface_llm
s2-comp-10,0.413898,0.429067,0.394444,1,1,0.257626,0,0,0.413898,1,0.483333,0,0,0,evidence_surface_llm
s2-comp-11,0.704326,0.703658,0.660317,1,1,0.122769,0,0,0.704326,0.333333,0.0555556,0,0,0,evidence_surface_llm
s2-comp-12,0.132387,0.190147,0.191667,0.666667,1,0.136273,0,0,0.132387,0,0,0,0,0,evidence_surface_llm
s2-comp-13,0.516696,0.40948,0.448148,1,1,0.0930089,0,0,0.516696,0.333333,0.037037,0,0,0,evidence_surface_llm
s2-comp-14,0.441207,0.374987,0.433333,1,1,0.00281419,0,0,0.441207,0,0,0,0,0,evidence_surface_llm
s2-comp-15,0.202244,0.169841,0.222222,0.666667,1,-0.22455,0,0,0.202244,0,0,0,0,0,evidence_surface_llm
s2-comp-16,0.599214,0.553531,0.638889,1,1,0.129519,0,0,0.599214,0,0,0,0,0,evidence_surface_llm
s2-comp-17,0.555641,0.558358,0.551587,1,1,-0.0501448,0,0,0.555641,0.333333,0.0333333,0,0,0,evidence_surface_llm
s2-comp-18,0.385081,0.373016,0.365079,1,1,-0.243499,0,0,0.385081,0.333333,0.047619,0,0,0.666667,evidence_surface_llm
s2-info-01,0.569006,0.55,0.555556,1,1,0,0,0,0.569006,1,0.555556,0,0,0,evidence_surface_llm
s2-info-02,0.43243,0.433333,0.444444,0.666667,1,0.177619,0,0,0.43243,1,0.666667,0.333333,0,0,evidence_surface_llm
s2-info-03,0.239121,0.303279,0.277778,0.666667,1,0,0,0,0.239121,1,0.533333,0.333333,0,0,evidence_surface_llm
s2-info-04,0.884395,0.848148,0.833333,1,1,-0.0192434,0,0,0.884395,0.666667,0.388889,0,0,0,evidence_surface_llm
s2-info-05,1,1,1,1,1,0.167698,0,0,1,1,0.444444,0,0,0,evidence_surface_llm
s2-info-06,0.883138,0.822222,0.833333,1,1,0.0822597,0,0,0.883138,1,0.361111,0,0,0,evidence_surface_llm
s2-info-07,0.615831,0.588335,0.566667,1,1,0.213842,0,0,0.615831,1,0.583333,0,0,0,evidence_surface_llm
s2-info-08,0.6509,0.675425,0.638889,1,1,0.402597,0,0,0.6509,1,0.444444,0,0,0,evidence_surface_llm
s2-info-09,0.415424,0.358357,0.355556,0.666667,1,0,0,0,0.415424,1,0.480556,0.333333,0,0,evidence_surface_llm
s2-info-10,0.574468,0.525565,0.552189,1,1,0.309,0,0,0.574468,0.666667,0.194444,0,0,0,evidence_surface_llm
s2-info-11,0.333333,0.333333,0.333333,0.666667,1,0.1531,0.333333,0,0.5,0,0,0,0,0.666667,evidence_surface_llm
s2-info-12,0.859576,0.831956,0.822222,1,1,0.0634725,0,0,0.859576,1,0.216667,0,0,0,evidence_surface_llm
s2-info-13,0.489306,0.4665,0.5,1,1,0.0817864,0,0,0.489306,0,0,0,0,0.333333,evidence_surface_llm
s2-info-14,0.71192,0.707931,0.722944,1,1,-0.0921799,0,0,0.71192,0.666667,0.0571429,0,0,0,evidence_surface_llm
s2-info-15,0.392393,0.404412,0.388889,0.666667,1,0.291936,0,0,0.392393,0,0,0,0,0,evidence_surface_llm
s2-info-16,0.848471,0.846203,0.833333,1,1,0.12955,0,0,0.848471,0.333333,0.0666667,0,0,0,evidence_surface_llm
s2-info-17,0.76909,0.720773,0.75,1,1,0.0775677,0,0,0.76909,0,0,0,0,0,evidence_surface_llm
s2-info-18,0.766426,0.708962,0.666667,1,1,0.11951,0,0,0.766426,0,0,0,0,0,evidence_surface_llm
s2-tran-01,0.71453,0.730596,0.633333,1,1,0.279406,0,0,0.71453,1,0.555556,0,0,0,evidence_surface_llm
s2-tran-02,0.700573,0.698221,0.703704,1,1,-0.0189677,0,0,0.700573,1,0.5,0,0,0,evidence_surface_llm
s2-tran-03,0.26573,0.324741,0.344444,1,1,0,0,0,0.26573,1,0.305556,0,0,0,evidence_surface_llm
s2-tran-04,0.641938,0.597806,0.522222,1,1,-0.104726,0,0,0.641938,1,0.361111,0,0,0,evidence_surface_llm
s2-tran-05,0.77896,0.744517,0.790476,1,1,0.176515,0,0,0.77896,1,0.483333,0,0,0,evidence_surface_llm
s2-tran-06,0.853818,0.83871,0.8,1,1,0.281596,0,0,0.853818,1,0.216667,0,0,0,evidence_surface_llm
s2-tran-07,0,0,0,0,0,,0,0,0,0,0,0,0,0,evidence_surface_llm
s2-tran-08,0.585405,0.595536,0.583333,1,1,0.0831533,0,0,0.585405,1,0.564815,0,0,0.333333,evidence_surface_llm
s2-tran-09,0.670431,0.638554,0.666667,1,1,0.161717,0,0,0.670431,1,0.383333,0,0,0,evidence_surface_llm
s2-tran-10,0.6098,0.536296,0.527778,1,1,0.338284,0,0,0.6098,1,0.273016,0,0,0,evidence_surface_llm
s2-tran-11,0.308632,0.360764,0.277778,0.666667,1,0.33335,0,0,0.308632,0.666667,0.15,0,0,0,evidence_surface_llm
s2-tran-12,0.931406,0.898374,0.933333,1,1,-0.0190247,0,0,0.931406,1,0.633333,0,0,0,evidence_surface_llm
s2-tran-13,0.258463,0.230994,0.214286,0.666667,1,0.20095,0.333333,0,0.387695,0.666667,0.220238,0.333333,0,0.333333,evidence_surface_llm
s2-tran-14,0.580296,0.556565,0.555556,1,1,0.394319,0,0,0.580296,1,0.3,0,0,0,evidence_surface_llm
s2-tran-15,0.748093,0.685273,0.666667,1,1,0.0950756,0,0,0.748093,1,0.383333,0,0,0,evidence_surface_llm
s2-tran-16,0,0,0,0,1,,0,0,0,0,0,0,0,0,evidence_surface_llm
s2-tran-17,0.492559,0.384921,0.444444,1,1,0,0,0,0.492559,1,0.5,0,0,0,evidence_surface_llm
s2-tran-18,0.605745,0.530269,0.544444,1,1,-0.0419303,0,0,0.605745,0,0,0,0,0,evidence_surface_llm
s2-trou-01,1,1,1,1,1,0,0,0,1,1,0.25,0,0,0,evidence_surface_llm
s2-trou-02,0.726206,0.714103,0.694444,1,1,-0.226407,0,0,0.726206,1,0.224074,0,0,0,evidence_surface_llm
s2-trou-03,0.739751,0.63915,0.666667,1,1,0.307499,0,0,0.739751,1,0.62963,0,0,0,evidence_surface_llm
s2-trou-04,0.93838,0.92549,0.916667,1,1,0.0491539,0,0,0.93838,0.666667,0.133333,0,0,0,evidence_surface_llm
s2-trou-05,0.939415,0.911348,0.933333,1,1,0.0883031,0,0,0.939415,0,0,0,0,0,evidence_surface_llm
s2-trou-06,0.368907,0.298734,0.361111,1,1,0.133967,0,0,0.368907,1,0.283333,0,0,0,evidence_surface_llm
s2-trou-07,0.484678,0.532967,0.49697,1,1,0.203963,0,0,0.484678,1,0.197619,0,0,0,evidence_surface_llm
s2-trou-08,0.497787,0.42807,0.277778,0.666667,1,0,0,0,0.497787,0,0,0,0,0,evidence_surface_llm
s2-trou-09,0.443979,0.459048,0.414141,1,1,0.383824,0,0,0.443979,0.666667,0.0511364,0,0,0,evidence_surface_llm
s2-trou-10,0.460735,0.429728,0.40119,1,1,0.0389721,0,0,0.460735,0,0,0,0,0,evidence_surface_llm
s2-trou-11,0.872615,0.885522,0.933333,1,1,-0.208373,0,0,0.872615,0.333333,0.047619,0,0,0,evidence_surface_llm
s2-trou-12,0.0728843,0.0672337,0.127778,1,1,-0.245767,0,0,0.0728843,0,0,0,0,0,evidence_surface_llm
s2-trou-13,0.780303,0.747795,0.785714,1,1,-0.312703,0,0,0.780303,0,0,0,0,0,evidence_surface_llm
s2-trou-14,0.473991,0.453111,0.533333,1,1,0.123612,0,0,0.473991,0,0,0,0,0,evidence_surface_llm
s2-trou-15,0.601596,0.684439,0.6,1,1,0.340996,0,0,0.601596,0.666667,0.0952381,0,0,0,evidence_surface_llm
s2-trou-16,0.632732,0.596326,0.56746,1,1,-0.0537723,0,0,0.632732,0,0,0,0,0,evidence_surface_llm
s2-trou-17,0.303064,0.308081,0.277778,0.666667,1,0.11315,0,0,0.303064,0,0,0,0,0.333333,evidence_surface_llm
s2-trou-18,0.194418,0.211111,0.342222,1,1,0.21075,0,0,0.194418,0,0,0,0,0.333333,evidence_surface_llm
s2-comp-01,0.757527,0.699214,0.722222,1,1,0.213814,0,0,0.757527,1,0.357143,0,0,0,faq_rewrite_v2
s2-comp-02,0.733711,0.672342,0.642857,1,1,0.192466,0,0,0.733711,1,0.233333,0,0,0.333333,faq_rewrite_v2
s2-comp-03,0.519859,0.484985,0.486111,1,1,0.56859,0,0,0.519859,1,0.349206,0,0,0.333333,faq_rewrite_v2
s2-comp-04,0.607939,0.533878,0.511111,1,1,0.66851,0,0,0.607939,1,0.234127,0,0,0.333333,faq_rewrite_v2
s2-comp-05,0.597679,0.524072,0.514815,1,1,0.252567,0,0,0.597679,1,0.411111,0,0,0,faq_rewrite_v2
s2-comp-06,0.492581,0.615111,0.5,1,1,0.1468,0,0,0.492581,1,0.3,0,0,0,faq_rewrite_v2
s2-comp-07,0.102058,0.0957854,0.111111,0.333333,1,0.251171,0,0,0.102058,0.666667,0.15,0.333333,0,0,faq_rewrite_v2
s2-comp-08,0.696115,0.636296,0.611111,1,1,0.52313,0,0,0.696115,1,0.333333,0,0,0,faq_rewrite_v2
s2-comp-09,0.685194,0.638889,0.683333,1,1,0.360893,0,0,0.685194,0.666667,0.138889,0,0,0.333333,faq_rewrite_v2
s2-comp-10,0.457538,0.389122,0.421958,1,1,0.566426,0,0,0.457538,1,0.433333,0,0,0,faq_rewrite_v2
s2-comp-11,0.449402,0.414468,0.414815,1,1,0.13933,0,0,0.449402,0,0,0,0,0,faq_rewrite_v2
s2-comp-12,0,0,0,0,1,,0,0,0,0,0,0,0,0,faq_rewrite_v2
s2-comp-13,0.517595,0.406967,0.451515,1,1,-0.0107261,0,0,0.517595,0.333333,0.0833333,0,0,0,faq_rewrite_v2
s2-comp-14,0.531682,0.529125,0.488889,1,1,0.0167648,0,0,0.531682,0.333333,0.0666667,0,0,0,faq_rewrite_v2
s2-comp-15,0.11102,0.134409,0.111111,0.333333,1,-0.228,0,0,0.11102,0,0,0,0,0.333333,faq_rewrite_v2
s2-comp-16,0.424702,0.411299,0.4,1,1,0.0534599,0,0,0.424702,0,0,0,0,0.333333,faq_rewrite_v2
s2-comp-17,0.650869,0.6261,0.615873,1,1,0.0682309,0,0,0.650869,0.333333,0.0512821,0,0,0,faq_rewrite_v2
s2-comp-18,0.18183,0.197726,0.233333,1,1,0.0616667,0,0,0.18183,0,0,0,0,0,faq_rewrite_v2
s2-info-01,0.340141,0.392857,0.388889,0.666667,1,0,0,0,0.340141,0.666667,0.333333,0,0,0,faq_rewrite_v2
s2-info-02,0.381832,0.418559,0.388889,0.666667,1,0.0454361,0,0,0.381832,1,0.522222,0.333333,0,0,faq_rewrite_v2
s2-info-03,0.266354,0.29909,0.25,0.666667,1,0.441261,0,0,0.266354,1,0.833333,0.333333,0,0,faq_rewrite_v2
s2-info-04,0.845716,0.802867,0.833333,1,1,0.13533,0,0,0.845716,0.666667,0.333333,0,0,0,faq_rewrite_v2
s2-info-05,0.851212,0.846111,0.857143,1,1,0.131187,0,0,0.851212,1,0.416667,0,0,0,faq_rewrite_v2
s2-info-06,0.883138,0.822222,0.833333,1,1,0.0822597,0,0,0.883138,1,0.361111,0,0,0,faq_rewrite_v2
s2-info-07,0.194191,0.22803,0.194444,0.666667,1,0.54785,0,0,0.194191,1,0.333333,0.333333,0,0,faq_rewrite_v2
s2-info-08,0.207944,0.274322,0.3,0.666667,1,0.300403,0,0,0.207944,0.666667,0.15,0.333333,0,0,faq_rewrite_v2
s2-info-09,0.294954,0.27049,0.261111,1,1,0.299766,0,0,0.294954,1,0.319444,0,0,0,faq_rewrite_v2
s2-info-10,0.753612,0.686926,0.666667,1,1,0.321954,0,0,0.753612,0.333333,0.111111,0,0,0,faq_rewrite_v2
s2-info-11,0.666667,0.666667,0.666667,0.666667,1,0.4019,0.333333,0,1,0,0,0,0,0.666667,faq_rewrite_v2
s2-info-12,1,1,1,1,1,0.174056,0,0,1,0.333333,0.111111,0,0,0.666667,faq_rewrite_v2
s2-info-13,0.864491,0.838384,0.888889,1,1,-0.279359,0,0,0.864491,0.333333,0.0555556,0,0,0,faq_rewrite_v2
s2-info-14,0.745114,0.677181,0.7,1,1,0.0202262,0,0,0.745114,0,0,0,0,0,faq_rewrite_v2
s2-info-15,0.331848,0.346134,0.344444,1,1,0.00772882,0,0,0.331848,0,0,0,0,0,faq_rewrite_v2
s2-info-16,0.801394,0.815941,0.777778,1,1,0,0,0,0.801394,0.333333,0.0833333,0,0,0,faq_rewrite_v2
s2-info-17,0.688342,0.649801,0.694444,1,1,0.140181,0,0,0.688342,0,0,0,0,0,faq_rewrite_v2
s2-info-18,0.529653,0.484772,0.442857,1,1,0.0785558,0,0,0.529653,0.333333,0.047619,0,0,0,faq_rewrite_v2
s2-tran-01,0.544425,0.577771,0.52381,1,1,0.111333,0,0,0.544425,1,0.555556,0,0,0.333333,faq_rewrite_v2
s2-tran-02,0.353034,0.40625,0.444444,0.666667,1,-0.061845,0,0,0.353034,1,0.634921,0.333333,0,0,faq_rewrite_v2
s2-tran-03,0.361099,0.474515,0.466667,1,1,0.0856802,0,0,0.361099,1,0.25,0,0,0,faq_rewrite_v2
s2-tran-04,0.523888,0.457656,0.444444,1,1,0.3083,0,0,0.523888,1,0.388889,0,0,0.333333,faq_rewrite_v2
s2-tran-05,0.761535,0.704378,0.643162,1,1,0.369151,0,0,0.761535,1,0.571795,0,0,0,faq_rewrite_v2
s2-tran-06,0.867195,0.816557,0.755556,1,1,0.22812,0,0,0.867195,1,0.533333,0,0,0,faq_rewrite_v2
s2-tran-07,0,0,0,0,0,,0,0,0,0,0,0,0,0,faq_rewrite_v2
s2-tran-08,0.74417,0.732757,0.722222,1,1,0.215861,0,0,0.74417,1,0.730159,0,0,0.333333,faq_rewrite_v2
s2-tran-09,0.670431,0.638554,0.666667,1,1,0.161717,0,0,0.670431,1,0.383333,0,0,0,faq_rewrite_v2
s2-tran-10,0.495904,0.419753,0.444444,1,1,0.315933,0,0,0.495904,1,0.277778,0,0,0.333333,faq_rewrite_v2
s2-tran-11,0.133071,0.150538,0.111111,0.333333,1,0,0,0,0.133071,0.666667,0.194444,0.333333,0,0,faq_rewrite_v2
s2-tran-12,0.648525,0.569987,0.433333,1,1,0.0207636,0,0,0.648525,1,0.55,0,0,0,faq_rewrite_v2
s2-tran-13,0,0,0,0,1,,0.666667,0,0,0.333333,0.111111,0.333333,0,0,faq_rewrite_v2
s2-tran-14,0.0741261,0.094575,0.0952381,0.666667,1,0.4842,0,0,0.0741261,0.333333,0.0833333,0,0,0,faq_rewrite_v2
s2-tran-15,0.329971,0.311652,0.341667,1,1,-0.0393088,0,0,0.329971,0.666667,0.138889,0,0,0,faq_rewrite_v2
s2-tran-16,0,0,0,0,1,,0,0,0,0,0,0,0,0.333333,faq_rewrite_v2
s2-tran-17,0.367974,0.297129,0.388889,1,1,0.0246889,0,0,0.367974,1,0.277778,0,0,0,faq_rewrite_v2
s2-tran-18,0.768628,0.79078,0.722222,1,1,0,0,0,0.768628,0,0,0,0,0,faq_rewrite_v2
s2-trou-01,0.702088,0.691337,0.722222,1,1,-0.0045523,0,0,0.702088,1,0.361111,0,0,0.333333,faq_rewrite_v2
s2-trou-02,0.763067,0.72549,0.777778,1,1,0,0,0,0.763067,0.333333,0.0833333,0,0,0,faq_rewrite_v2
s2-trou-03,1,1,1,1,1,0.349169,0,0,1,1,0.605556,0,0,0,faq_rewrite_v2
s2-trou-04,0.990611,0.988048,0.97619,1,1,-0.107283,0,0,0.990611,0.333333,0.0833333,0,0,0,faq_rewrite_v2
s2-trou-05,0.939415,0.911348,0.933333,1,1,0.0883031,0,0,0.939415,0,0,0,0,0,faq_rewrite_v2
s2-trou-06,0.469344,0.416933,0.416667,1,1,0.2083,0,0,0.469344,0.666667,0.166667,0,0,0,faq_rewrite_v2
s2-trou-07,0.561902,0.551361,0.522222,1,1,0.016031,0,0,0.561902,1,0.152778,0,0,0,faq_rewrite_v2
s2-trou-08,0.0654808,0.0657051,0.0740741,0.333333,1,0.00846542,0,0,0.0654808,0,0,0,0,0,faq_rewrite_v2
s2-trou-09,0.300854,0.313841,0.3,0.666667,1,0.615215,0.333333,0,0.451281,0.666667,0.0969697,0,0.333333,0,faq_rewrite_v2
s2-trou-10,0.504076,0.428252,0.455556,1,1,-0.0970311,0,0,0.504076,0,0,0,0,0,faq_rewrite_v2
s2-trou-11,0.751125,0.766131,0.805556,1,1,-0.287805,0,0,0.751125,0.333333,0.0666667,0,0,0,faq_rewrite_v2
s2-trou-12,0.417759,0.399002,0.395833,1,1,-0.578075,0,0,0.417759,0,0,0,0,0,faq_rewrite_v2
s2-trou-13,0.597043,0.565432,0.566667,1,1,-0.290945,0,0,0.597043,0,0,0,0,0,faq_rewrite_v2
s2-trou-14,0.496003,0.459589,0.484127,1,1,0.131453,0,0,0.496003,0,0,0,0,0.333333,faq_rewrite_v2
s2-trou-15,0.377654,0.418104,0.383333,1,1,0.271351,0,0,0.377654,0.333333,0.0555556,0,0,0,faq_rewrite_v2
s2-trou-16,0.579119,0.500452,0.477778,1,1,-0.0686392,0,0,0.579119,0,0,0,0,0,faq_rewrite_v2
s2-trou-17,0.25283,0.223039,0.177778,0.666667,1,-0.41915,0,0,0.25283,0,0,0,0,0,faq_rewrite_v2
s2-trou-18,0.383987,0.374954,0.444444,1,1,0.137199,0,0,0.383987,0,0,0,0,0.333333,faq_rewrite_v2
