set,query_id,ref_sample,source,domain,is_target,passage_no,passage,ap_full_pct,ap_without_pct,d_ap_pp
content:faq_rewrite,comp-11,0,1,larkspur.example,True,1,The Larkspur Floor Pump is a steel-barrel track pump for keeping your tires at the right pressure at home. Checking pressure once a week is the single easiest w,99.99797343749941,99.9930711604933,0.0049022770061135645
content:faq_rewrite,comp-11,0,1,larkspur.example,True,2,Q: What is the best floor pump for presta valves? A: The Larkspur Floor Pump is a steel-barrel track pump for keeping your tires at the right pressure at home. ,99.99797343749941,99.99907389478145,-0.0011004572820327851
content:faq_rewrite,comp-11,0,1,larkspur.example,True,3,"Q: How to true a bike wheel at home? A: Most riders keep a floor pump at home and a mini pump or CO2 inflator on the bike. Push the head straight on, all the wa",99.99797343749941,99.99665148238073,0.001321955118682716
content:faq_rewrite,comp-11,0,2,pedalcheap.example,False,1,"Every cyclist needs a pump. Riding on soft tires is slow and can cause flats, so pump up before you ride. The Larkspur Floor Pump costs $49 and works with both ",99.99797343749941,99.9990873916636,-0.0011139541641891348
content:faq_rewrite,comp-11,0,3,saddlesore.example,False,1,I had eleven flats in my first year of commuting. Last year I had two. Here is what changed. After every flat I now run my fingers around the inside of the tire,99.99797343749941,99.99575352318385,0.002219914315559901
content:faq_rewrite,comp-11,0,3,saddlesore.example,False,2,"Flip the bike, wheel out, one lever, then the second, tube out. I put a bit of air in the new tube before fitting it so it doesn't twist. I pump to about 50 psi",99.99797343749941,99.99664620911199,0.0013272283874266044
content:faq_rewrite,comp-11,0,4,spokewise.example,False,1,"We filled a 700 x 28 road tire to 80 psi and a 700 x 42 commuter tire to 50 psi with six floor pumps, and checked each gauge against a calibrated digital gauge.",99.99797343749941,99.99281393499486,0.00515950250455921
content:faq_rewrite,comp-11,0,4,spokewise.example,False,2,"A typical 20 cm mini pump took 290 strokes to reach 80 psi on the road tire. Keep one on the bike for emergencies, not for weekly top-ups. In every pump that le",99.99797343749941,99.9976149281985,0.00035850930091285704
content:faq_rewrite,comp-11,0,5,saddlesore.example,False,1,"For years I pumped my tires to the maximum number on the sidewall, 85 psi, because I thought hard meant fast. My hands went numb on every ride. My commuter has ",99.99797343749941,99.99813334471334,-0.00015990721392578067
content:faq_rewrite,comp-11,0,5,saddlesore.example,False,2,"I started at the maximum and dropped 5 psi each week until the tire felt soft in corners, then went back up one step. Too low, and you feel it squirm and risk a",99.99797343749941,99.99725033630997,0.0007231011894370809
content:faq_rewrite,comp-11,1,1,larkspur.example,True,1,The Larkspur Floor Pump is a steel-barrel track pump for keeping your tires at the right pressure at home. Checking pressure once a week is the single easiest w,50.13251705274444,50.13144975027659,0.0010673024678498066
content:faq_rewrite,comp-11,1,1,larkspur.example,True,2,Q: What is the best floor pump for presta valves? A: The Larkspur Floor Pump is a steel-barrel track pump for keeping your tires at the right pressure at home. ,50.13251705274444,50.299420394474716,-0.16690334173027344
content:faq_rewrite,comp-11,1,1,larkspur.example,True,3,"Q: How to true a bike wheel at home? A: Most riders keep a floor pump at home and a mini pump or CO2 inflator on the bike. Push the head straight on, all the wa",50.13251705274444,51.405515673488935,-1.272998620744492
content:faq_rewrite,comp-11,1,2,pedalcheap.example,False,1,"Every cyclist needs a pump. Riding on soft tires is slow and can cause flats, so pump up before you ride. The Larkspur Floor Pump costs $49 and works with both ",50.13251705274444,51.873864057710584,-1.7413470049661428
content:faq_rewrite,comp-11,1,3,saddlesore.example,False,1,I had eleven flats in my first year of commuting. Last year I had two. Here is what changed. After every flat I now run my fingers around the inside of the tire,50.13251705274444,50.106887182091654,0.02562987065278799
content:faq_rewrite,comp-11,1,3,saddlesore.example,False,2,"Flip the bike, wheel out, one lever, then the second, tube out. I put a bit of air in the new tube before fitting it so it doesn't twist. I pump to about 50 psi",50.13251705274444,50.115334761369745,0.017182291374695513
content:faq_rewrite,comp-11,1,4,spokewise.example,False,1,"We filled a 700 x 28 road tire to 80 psi and a 700 x 42 commuter tire to 50 psi with six floor pumps, and checked each gauge against a calibrated digital gauge.",50.13251705274444,50.182257487720975,-0.04974043497653069
content:faq_rewrite,comp-11,1,4,spokewise.example,False,2,"A typical 20 cm mini pump took 290 strokes to reach 80 psi on the road tire. Keep one on the bike for emergencies, not for weekly top-ups. In every pump that le",50.13251705274444,50.34448314383905,-0.2119660910946064
content:faq_rewrite,comp-11,1,5,saddlesore.example,False,1,"For years I pumped my tires to the maximum number on the sidewall, 85 psi, because I thought hard meant fast. My hands went numb on every ride. My commuter has ",50.13251705274444,50.11005407980924,0.022462972935199943
content:faq_rewrite,comp-11,1,5,saddlesore.example,False,2,"I started at the maximum and dropped 5 psi each week until the tire felt soft in corners, then went back up one step. Too low, and you feel it squirm and risk a",50.13251705274444,50.14618671331957,-0.01366966057513297
content:faq_rewrite,tran-05,0,1,cogandchain.example,False,1,"The Cub 16 is a light first pedal bike for children aged about 4 to 6. At 6.3 kg the Cub 16 is one of the lightest 16 inch bikes you can buy, which makes it eas",1.4211649803452988,1.3802061368603755,0.04095884348492337
content:faq_rewrite,tran-05,0,1,cogandchain.example,False,2,"The Cub 16 pairs a rear coaster brake with a front hand brake. Many children already understand pedaling backward to stop, and the hand brake lets them learn le",1.4211649803452988,0.39300167050377377,1.028163309841525
content:faq_rewrite,tran-05,0,1,cogandchain.example,False,3,Q: What size bike does a 5 year old need? A: Most five year olds ride a 16 inch bike. Measure your child's inseam; they should be able to touch the ground with ,1.4211649803452988,4.749234349845148,-3.328069369499849
content:faq_rewrite,tran-05,0,2,pedalcheap.example,False,1,Buying a bike for your kid is exciting! Here are our top picks for this year. The Cog & Chain Cub 16 costs $279 and is super light. The Larkspur Sprout 16 costs,1.4211649803452988,49.99449321810568,-48.573328237760386
content:faq_rewrite,tran-05,0,3,larkspur.example,True,1,The Larkspur Sprout 16 is a first pedal bike for young children who have outgrown a balance bike or are ready to ride without one. Children are much lighter tha,1.4211649803452988,3.9002409429183547,-2.479075962573056
content:faq_rewrite,tran-05,0,3,larkspur.example,True,2,"The Sprout 16 fits children from about 100 to 120 cm tall, which is typically ages four to six. A five year old of average height, around 110 cm, is right in th",1.4211649803452988,1.4446573113499115,-0.02349233100461274
content:faq_rewrite,tran-05,0,3,larkspur.example,True,3,Q: What size bike frame do i need for my height? A: The Larkspur Sprout 16 is a first pedal bike for young children who have outgrown a balance bike or are read,1.4211649803452988,49.70020234631933,-48.279037365974034
content:faq_rewrite,tran-05,0,4,cogandchain.example,False,1,"The Dome is a simple, comfortable helmet for everyday riding. It is built for commuters who wear a helmet every day and want one that is light, easy to buckle a",1.4211649803452988,0.8332039103271862,0.5879610700181125
content:faq_rewrite,tran-05,0,4,cogandchain.example,False,2,"A magnetic buckle clips shut with one hand, even in gloves. The dial at the back adjusts the fit, and the rear cradle moves up and down to suit different hairst",1.4211649803452988,1.0466088677902097,0.374556112555089
content:faq_rewrite,tran-05,0,4,cogandchain.example,False,3,"Q: Is a rotational liner worth it? A: We think so. It adds only a few grams and a few dollars, and it is designed to lower rotational forces in angled impacts.",1.4211649803452988,2.439471460460289,-1.0183064801149906
content:faq_rewrite,tran-05,0,5,pedalcheap.example,False,1,"Your helmet is the most important piece of cycling gear you will buy. Luckily, good helmets don't have to be expensive. The Cog & Chain Dome costs $79 and has a",1.4211649803452988,0.6223381072776556,0.7988268730676432
content:faq_rewrite,tran-05,1,1,cogandchain.example,False,1,"The Cub 16 is a light first pedal bike for children aged about 4 to 6. At 6.3 kg the Cub 16 is one of the lightest 16 inch bikes you can buy, which makes it eas",8.658220815046876,9.957594963192516,-1.2993741481456391
content:faq_rewrite,tran-05,1,1,cogandchain.example,False,2,"The Cub 16 pairs a rear coaster brake with a front hand brake. Many children already understand pedaling backward to stop, and the hand brake lets them learn le",8.658220815046876,2.5471870896951043,6.111033725351773
content:faq_rewrite,tran-05,1,1,cogandchain.example,False,3,Q: What size bike does a 5 year old need? A: Most five year olds ride a 16 inch bike. Measure your child's inseam; they should be able to touch the ground with ,8.658220815046876,11.879628414614759,-3.2214075995678826
content:faq_rewrite,tran-05,1,2,pedalcheap.example,False,1,Buying a bike for your kid is exciting! Here are our top picks for this year. The Cog & Chain Cub 16 costs $279 and is super light. The Larkspur Sprout 16 costs,8.658220815046876,51.90652400769794,-43.24830319265106
content:faq_rewrite,tran-05,1,3,larkspur.example,True,1,The Larkspur Sprout 16 is a first pedal bike for young children who have outgrown a balance bike or are ready to ride without one. Children are much lighter tha,8.658220815046876,10.998132021012875,-2.3399112059659983
content:faq_rewrite,tran-05,1,3,larkspur.example,True,2,"The Sprout 16 fits children from about 100 to 120 cm tall, which is typically ages four to six. A five year old of average height, around 110 cm, is right in th",8.658220815046876,9.979082245288739,-1.320861430241861
content:faq_rewrite,tran-05,1,3,larkspur.example,True,3,Q: What size bike frame do i need for my height? A: The Larkspur Sprout 16 is a first pedal bike for young children who have outgrown a balance bike or are read,8.658220815046876,49.51961791070566,-40.86139709565878
content:faq_rewrite,tran-05,1,4,cogandchain.example,False,1,"The Dome is a simple, comfortable helmet for everyday riding. It is built for commuters who wear a helmet every day and want one that is light, easy to buckle a",8.658220815046876,4.7544058225528,3.9038149924940764
content:faq_rewrite,tran-05,1,4,cogandchain.example,False,2,"A magnetic buckle clips shut with one hand, even in gloves. The dial at the back adjusts the fit, and the rear cradle moves up and down to suit different hairst",8.658220815046876,3.370295784933655,5.287925030113222
content:faq_rewrite,tran-05,1,4,cogandchain.example,False,3,"Q: Is a rotational liner worth it? A: We think so. It adds only a few grams and a few dollars, and it is designed to lower rotational forces in angled impacts.",8.658220815046876,7.5905256842397515,1.0676951308071252
content:faq_rewrite,tran-05,1,5,pedalcheap.example,False,1,"Your helmet is the most important piece of cycling gear you will buy. Luckily, good helmets don't have to be expensive. The Cog & Chain Dome costs $79 and has a",8.658220815046876,3.6386157487500133,5.019605066296863
content:faq_rewrite,info-12,0,1,spokewise.example,False,1,"We put 40 volunteers from 152 to 196 cm tall on three sizes of the same commuter bike and had each ride 10 km on each size, then rate comfort and note any pain.",37.979170637867654,53.01356319135234,-15.034392553484688
content:faq_rewrite,info-12,0,1,spokewise.example,False,2,Eleven riders reported lower back or neck pain on at least one size. In 9 of those cases it was on the size with the longest reach. Swapping to a stem 20 mm sho,37.979170637867654,50.04401298475758,-12.064842346889925
content:faq_rewrite,info-12,0,2,larkspur.example,True,1,"A bike that fits is safer, more comfortable and more fun to ride. This Larkspur guide explains how to choose a frame size, what to do when you fall between two ",37.979170637867654,28.905202502141076,9.07396813572658
content:faq_rewrite,info-12,0,2,larkspur.example,True,2,"Reach is how far forward the handlebar is from the saddle. If your back aches, your hands go numb, or your arms are locked straight, the bike is probably too st",37.979170637867654,24.410167022856317,13.569003615011338
content:faq_rewrite,info-12,0,2,larkspur.example,True,3,"Q: How to set the right saddle height on a bike? A: Your height gives a starting point, but leg length matters more for standover and saddle height, and torso a",37.979170637867654,54.52345054325121,-16.54427990538355
content:faq_rewrite,info-12,0,3,cogandchain.example,False,1,"The Cub 16 is a light first pedal bike for children aged about 4 to 6. At 6.3 kg the Cub 16 is one of the lightest 16 inch bikes you can buy, which makes it eas",37.979170637867654,42.119090922030466,-4.139920284162812
content:faq_rewrite,info-12,0,3,cogandchain.example,False,2,"The Cub 16 pairs a rear coaster brake with a front hand brake. Many children already understand pedaling backward to stop, and the hand brake lets them learn le",37.979170637867654,41.64864499237406,-3.669474354506408
content:faq_rewrite,info-12,0,3,cogandchain.example,False,3,Q: What size bike does a 5 year old need? A: Most five year olds ride a 16 inch bike. Measure your child's inseam; they should be able to touch the ground with ,37.979170637867654,50.918503844328015,-12.939333206460358
content:faq_rewrite,info-12,0,4,larkspur.example,True,1,The Larkspur Sprout 16 is a first pedal bike for young children who have outgrown a balance bike or are ready to ride without one. Children are much lighter tha,37.979170637867654,36.6112123020031,1.3679583358645497
content:faq_rewrite,info-12,0,4,larkspur.example,True,2,"The Sprout 16 has two short-reach hand brakes and no coaster brake. A coaster brake, which works by pedaling backward, is common on kids bikes, but it makes it ",37.979170637867654,38.57790770471755,-0.598737066849897
content:faq_rewrite,info-12,0,4,larkspur.example,True,3,"The Sprout 16 fits children from about 100 to 120 cm tall, which is typically ages four to six. A five year old of average height, around 110 cm, is right in th",37.979170637867654,33.16180703398641,4.817363603881242
content:faq_rewrite,info-12,0,5,saddlesore.example,False,1,"My first commuter was a large, because the shop had it on sale and I'm 180 cm. After a month my lower back ached every morning and my hands went numb. I have sh",37.979170637867654,36.49247362487629,1.486697012991367
content:faq_rewrite,info-12,0,5,saddlesore.example,False,2,"Don't buy from a chart alone. If you're between sizes, try both, and pay attention to your hands and back, not just your legs.",37.979170637867654,42.43644891978549,-4.457278281917837
content:faq_rewrite,info-12,1,1,spokewise.example,False,1,"We put 40 volunteers from 152 to 196 cm tall on three sizes of the same commuter bike and had each ride 10 km on each size, then rate comfort and note any pain.",12.156043807573935,11.413007235613524,0.7430365719604121
content:faq_rewrite,info-12,1,1,spokewise.example,False,2,Eleven riders reported lower back or neck pain on at least one size. In 9 of those cases it was on the size with the longest reach. Swapping to a stem 20 mm sho,12.156043807573935,11.134396213563333,1.0216475940106022
content:faq_rewrite,info-12,1,2,larkspur.example,True,1,"A bike that fits is safer, more comfortable and more fun to ride. This Larkspur guide explains how to choose a frame size, what to do when you fall between two ",12.156043807573935,6.831613492766624,5.324430314807311
content:faq_rewrite,info-12,1,2,larkspur.example,True,2,"Reach is how far forward the handlebar is from the saddle. If your back aches, your hands go numb, or your arms are locked straight, the bike is probably too st",12.156043807573935,0.7684123976498962,11.387631409924039
content:faq_rewrite,info-12,1,2,larkspur.example,True,3,"Q: How to set the right saddle height on a bike? A: Your height gives a starting point, but leg length matters more for standover and saddle height, and torso a",12.156043807573935,33.26923088816744,-21.113187080593505
content:faq_rewrite,info-12,1,3,cogandchain.example,False,1,"The Cub 16 is a light first pedal bike for children aged about 4 to 6. At 6.3 kg the Cub 16 is one of the lightest 16 inch bikes you can buy, which makes it eas",12.156043807573935,4.668842210871519,7.487201596702417
content:faq_rewrite,info-12,1,3,cogandchain.example,False,2,"The Cub 16 pairs a rear coaster brake with a front hand brake. Many children already understand pedaling backward to stop, and the hand brake lets them learn le",12.156043807573935,5.422872415661404,6.733171391912532
content:faq_rewrite,info-12,1,3,cogandchain.example,False,3,Q: What size bike does a 5 year old need? A: Most five year olds ride a 16 inch bike. Measure your child's inseam; they should be able to touch the ground with ,12.156043807573935,6.850770808964825,5.3052729986091105
content:faq_rewrite,info-12,1,4,larkspur.example,True,1,The Larkspur Sprout 16 is a first pedal bike for young children who have outgrown a balance bike or are ready to ride without one. Children are much lighter tha,12.156043807573935,6.167704105526272,5.988339702047663
content:faq_rewrite,info-12,1,4,larkspur.example,True,2,"The Sprout 16 has two short-reach hand brakes and no coaster brake. A coaster brake, which works by pedaling backward, is common on kids bikes, but it makes it ",12.156043807573935,5.501521152923015,6.654522654650921
content:faq_rewrite,info-12,1,4,larkspur.example,True,3,"The Sprout 16 fits children from about 100 to 120 cm tall, which is typically ages four to six. A five year old of average height, around 110 cm, is right in th",12.156043807573935,3.376779506584949,8.779264300988988
content:faq_rewrite,info-12,1,5,saddlesore.example,False,1,"My first commuter was a large, because the shop had it on sale and I'm 180 cm. After a month my lower back ached every morning and my hands went numb. I have sh",12.156043807573935,6.739169923539477,5.416873884034458
content:faq_rewrite,info-12,1,5,saddlesore.example,False,2,"Don't buy from a chart alone. If you're between sizes, try both, and pay attention to your hands and back, not just your legs.",12.156043807573935,7.252930206928291,4.903113600645645
content:faq_rewrite,comp-14,0,1,cogandchain.example,False,1,"We stock three types. Wet lube for rain and winter. Dry lube for dry, dusty summer riding. Wax, which lasts longest and stays cleanest but has to be applied to ",13.169462804550552,4.22350866733242,8.945954137218132
content:faq_rewrite,comp-14,0,1,cogandchain.example,False,2,"Q: How often should I lube my bike chain? A: Every 200 km or so, and after any ride in heavy rain. If the chain sounds dry or squeaks, it needs lube now.",13.169462804550552,5.3915016063859325,7.777961198164621
content:faq_rewrite,comp-14,0,1,cogandchain.example,False,3,"Q: Wet lube or dry lube for commuting? A: If you ride through a wet winter, use wet lube. In dry weather, dry lube or wax keeps the chain cleaner.",13.169462804550552,2.523394799074894,10.646068005475659
content:faq_rewrite,comp-14,0,2,larkspur.example,True,1,"Put one drop of lube on each roller on the inside of the chain while turning the pedals slowly. Turn the cranks for a minute so the lube works into the links, t",13.169462804550552,2.9786715120961746,10.190791292454378
content:faq_rewrite,comp-14,0,2,larkspur.example,True,2,"A chain that squeaks after a wet ride has had its lube washed out. Wipe it dry and lube it again the same day, or rust will start on the rollers. For daily comm",13.169462804550552,8.373495130764406,4.795967673786147
content:faq_rewrite,comp-14,0,2,larkspur.example,True,3,"Q: How to dress for bike commuting in freezing weather? A: Wipe the chain with a rag while turning the pedals backward. For daily commuting, lube the chain ever",13.169462804550552,44.60248176288844,-31.43301895833789
content:faq_rewrite,comp-14,0,3,saddlesore.example,False,1,I ruined a cassette and chainrings in my second winter because I never cleaned my chain. A $180 repair taught me to spend ten minutes every other weekend on it.,13.169462804550552,10.797514231544362,2.3719485730061898
content:faq_rewrite,comp-14,0,3,saddlesore.example,False,2,"My commute is 9 km each way, so roughly every 180 km. I also check it with a $10 wear gauge each month.",13.169462804550552,7.54570015792814,5.623762646622413
content:faq_rewrite,comp-14,0,4,cogandchain.example,False,1,"Normal tires are fine on wet or cleared roads. On black ice or packed snow, studded tires are the only tire that grips. A pair of studded commuter tires costs a",13.169462804550552,9.864931749166999,3.304531055383554
content:faq_rewrite,comp-14,0,4,cogandchain.example,False,2,"Q: Are studded bike tires worth it? A: If you ride on ice regularly, yes. On dry or wet roads they are slower and noisy, so fit them only when ice is likely.",13.169462804550552,5.1412954869615906,8.028167317588961
content:faq_rewrite,comp-14,0,4,cogandchain.example,False,3,"Q: How do I stop salt ruining my bike? A: Rinse with plain water after salty rides, dry the chain and lube it again. A wax or wet lube holds up better than dry ",13.169462804550552,13.202471118058739,-0.033008313508187115
content:faq_rewrite,comp-14,0,5,larkspur.example,True,1,"Riding through the winter is easier than most people expect, once you have the right clothes, lights and a bit of extra maintenance. This Larkspur guide covers ",13.169462804550552,5.189058416591539,7.980404387959014
content:faq_rewrite,comp-14,0,5,larkspur.example,True,2,"Wider tires at slightly lower pressure grip better on wet and slushy roads. If your route has ice that does not get cleared, studded tires are worth buying. The",13.169462804550552,6.420887530261379,6.748575274289173
content:faq_rewrite,comp-14,0,5,larkspur.example,True,3,"Studded tires cost about $60 to $120 each and are noticeably slower on dry roads, so run them at 30 to 40 psi only for the icy months. Rinse after every salty r",13.169462804550552,6.525533197059802,6.643929607490751
content:faq_rewrite,comp-14,1,1,cogandchain.example,False,1,"We stock three types. Wet lube for rain and winter. Dry lube for dry, dusty summer riding. Wax, which lasts longest and stays cleanest but has to be applied to ",16.685389288801762,3.5424369609273545,13.142952327874408
content:faq_rewrite,comp-14,1,1,cogandchain.example,False,2,"Q: How often should I lube my bike chain? A: Every 200 km or so, and after any ride in heavy rain. If the chain sounds dry or squeaks, it needs lube now.",16.685389288801762,13.767719483281954,2.917669805519807
content:faq_rewrite,comp-14,1,1,cogandchain.example,False,3,"Q: Wet lube or dry lube for commuting? A: If you ride through a wet winter, use wet lube. In dry weather, dry lube or wax keeps the chain cleaner.",16.685389288801762,3.4908954285971503,13.19449386020461
content:faq_rewrite,comp-14,1,2,larkspur.example,True,1,"Put one drop of lube on each roller on the inside of the chain while turning the pedals slowly. Turn the cranks for a minute so the lube works into the links, t",16.685389288801762,2.32122036319544,14.364168925606322
content:faq_rewrite,comp-14,1,2,larkspur.example,True,2,"A chain that squeaks after a wet ride has had its lube washed out. Wipe it dry and lube it again the same day, or rust will start on the rollers. For daily comm",16.685389288801762,9.24856799010344,7.43682129869832
content:faq_rewrite,comp-14,1,2,larkspur.example,True,3,"Q: How to dress for bike commuting in freezing weather? A: Wipe the chain with a rag while turning the pedals backward. For daily commuting, lube the chain ever",16.685389288801762,47.25943338824338,-30.574044099441615
content:faq_rewrite,comp-14,1,3,saddlesore.example,False,1,I ruined a cassette and chainrings in my second winter because I never cleaned my chain. A $180 repair taught me to spend ten minutes every other weekend on it.,16.685389288801762,17.669477277737386,-0.9840879889356252
content:faq_rewrite,comp-14,1,3,saddlesore.example,False,2,"My commute is 9 km each way, so roughly every 180 km. I also check it with a $10 wear gauge each month.",16.685389288801762,18.644074058766797,-1.9586847699650356
content:faq_rewrite,comp-14,1,4,cogandchain.example,False,1,"Normal tires are fine on wet or cleared roads. On black ice or packed snow, studded tires are the only tire that grips. A pair of studded commuter tires costs a",16.685389288801762,23.399999052915376,-6.714609764113616
content:faq_rewrite,comp-14,1,4,cogandchain.example,False,2,"Q: Are studded bike tires worth it? A: If you ride on ice regularly, yes. On dry or wet roads they are slower and noisy, so fit them only when ice is likely.",16.685389288801762,14.093270660042576,2.5921186287591853
content:faq_rewrite,comp-14,1,4,cogandchain.example,False,3,"Q: How do I stop salt ruining my bike? A: Rinse with plain water after salty rides, dry the chain and lube it again. A wax or wet lube holds up better than dry ",16.685389288801762,29.087561438616493,-12.402172149814733
content:faq_rewrite,comp-14,1,5,larkspur.example,True,1,"Riding through the winter is easier than most people expect, once you have the right clothes, lights and a bit of extra maintenance. This Larkspur guide covers ",16.685389288801762,11.145513106262744,5.539876182539016
content:faq_rewrite,comp-14,1,5,larkspur.example,True,2,"Wider tires at slightly lower pressure grip better on wet and slushy roads. If your route has ice that does not get cleared, studded tires are worth buying. The",16.685389288801762,12.107230620097381,4.578158668704379
content:faq_rewrite,comp-14,1,5,larkspur.example,True,3,"Studded tires cost about $60 to $120 each and are noticeably slower on dry roads, so run them at 30 to 40 psi only for the icy months. Rinse after every salty r",16.685389288801762,9.450482286929592,7.234907001872168
content:faq_rewrite,info-06,0,1,cogandchain.example,False,1,"The Dome is a simple, comfortable helmet for everyday riding. It is built for commuters who wear a helmet every day and want one that is light, easy to buckle a",39.76610894478834,47.464467083293876,-7.698358138505535
content:faq_rewrite,info-06,0,1,cogandchain.example,False,2,"A magnetic buckle clips shut with one hand, even in gloves. The dial at the back adjusts the fit, and the rear cradle moves up and down to suit different hairst",39.76610894478834,42.265565395159825,-2.4994564503714845
content:faq_rewrite,info-06,0,1,cogandchain.example,False,3,"Q: How do I find my helmet size? A: Wrap a soft tape measure around your head just above the eyebrows and ears. If you fall between two sizes, try both; the sma",39.76610894478834,53.72119397200505,-13.955085027216702
content:faq_rewrite,info-06,0,2,larkspur.example,True,1,"A helmet only protects you if it fits. Measure around your head about 2 cm above your eyebrows with a soft tape, and choose the size that puts you in the middle",39.76610894478834,33.637419904838175,6.128689039950169
content:faq_rewrite,info-06,0,2,larkspur.example,True,2,"Q: How much tire clearance do i need on a gravel bike? A: A helmet only protects you if it fits. Once adjusted, the helmet should sit level, about two fingers a",39.76610894478834,29.862237638294513,9.903871306493828
content:faq_rewrite,info-06,0,2,larkspur.example,True,3,"Q: What size bike frame do i need for my height? A: Measure around your head about 2 cm above your eyebrows with a soft tape, and choose the size that puts you ",39.76610894478834,14.616387094446148,25.149721850342193
content:faq_rewrite,info-06,0,3,saddlesore.example,False,1,"My first commuter was a large, because the shop had it on sale and I'm 180 cm. After a month my lower back ached every morning and my hands went numb. I have sh",39.76610894478834,34.206729439299984,5.55937950548836
content:faq_rewrite,info-06,0,3,saddlesore.example,False,2,"Don't buy from a chart alone. If you're between sizes, try both, and pay attention to your hands and back, not just your legs.",39.76610894478834,43.71414884346098,-3.9480398986726395
content:faq_rewrite,info-06,0,4,larkspur.example,True,1,"A bike that fits is safer, more comfortable and more fun to ride. This Larkspur guide explains how to choose a frame size, what to do when you fall between two ",39.76610894478834,31.022026494408152,8.744082450380192
content:faq_rewrite,info-06,0,4,larkspur.example,True,2,"Reach is how far forward the handlebar is from the saddle. If your back aches, your hands go numb, or your arms are locked straight, the bike is probably too st",39.76610894478834,39.55217156114792,0.2139373836404168
content:faq_rewrite,info-06,0,4,larkspur.example,True,3,"For the Larkspur Metro 7, small fits riders 155 to 168 cm, medium 168 to 182 cm and large 182 to 195 cm. For the Gravel GX, size 50 fits 158 to 167 cm, 52 fits ",39.76610894478834,41.2592285483041,-1.493119603515758
content:faq_rewrite,info-06,0,5,larkspur.example,True,1,Saddle height is the most important fit adjustment on any bike. A saddle that is too low or too high is the most common cause of knee pain in new riders. This L,39.76610894478834,39.04959690549518,0.7165120392931601
content:faq_rewrite,info-06,0,5,larkspur.example,True,2,"Pain at the front of the knee, around or under the kneecap, usually means the saddle is too low, so the knee stays too bent under load. Pain at the back of the ",39.76610894478834,37.205163446674554,2.560945498113787
content:faq_rewrite,info-06,0,5,larkspur.example,True,3,"For the inseam method, multiply your inseam by 1.09 and measure that distance from the pedal axle, with the crank in line with the seat tube, to the top of the ",39.76610894478834,37.00559937867938,2.760509566108965
content:faq_rewrite,info-06,1,1,cogandchain.example,False,1,"The Dome is a simple, comfortable helmet for everyday riding. It is built for commuters who wear a helmet every day and want one that is light, easy to buckle a",41.561677143217025,67.18699012331076,-25.62531298009374
content:faq_rewrite,info-06,1,1,cogandchain.example,False,2,"A magnetic buckle clips shut with one hand, even in gloves. The dial at the back adjusts the fit, and the rear cradle moves up and down to suit different hairst",41.561677143217025,86.3360272018942,-44.77435005867717
content:faq_rewrite,info-06,1,1,cogandchain.example,False,3,"Q: How do I find my helmet size? A: Wrap a soft tape measure around your head just above the eyebrows and ears. If you fall between two sizes, try both; the sma",41.561677143217025,50.442455571208924,-8.880778427991897
content:faq_rewrite,info-06,1,2,larkspur.example,True,1,"A helmet only protects you if it fits. Measure around your head about 2 cm above your eyebrows with a soft tape, and choose the size that puts you in the middle",41.561677143217025,53.17254215276135,-11.610865009544325
content:faq_rewrite,info-06,1,2,larkspur.example,True,2,"Q: How much tire clearance do i need on a gravel bike? A: A helmet only protects you if it fits. Once adjusted, the helmet should sit level, about two fingers a",41.561677143217025,18.879197895194427,22.682479248022595
content:faq_rewrite,info-06,1,2,larkspur.example,True,3,"Q: What size bike frame do i need for my height? A: Measure around your head about 2 cm above your eyebrows with a soft tape, and choose the size that puts you ",41.561677143217025,19.312783003984773,22.24889413923225
content:faq_rewrite,info-06,1,3,saddlesore.example,False,1,"My first commuter was a large, because the shop had it on sale and I'm 180 cm. After a month my lower back ached every morning and my hands went numb. I have sh",41.561677143217025,75.79904770730182,-34.2373705640848
content:faq_rewrite,info-06,1,3,saddlesore.example,False,2,"Don't buy from a chart alone. If you're between sizes, try both, and pay attention to your hands and back, not just your legs.",41.561677143217025,58.51950511992503,-16.957827976708007
content:faq_rewrite,info-06,1,4,larkspur.example,True,1,"A bike that fits is safer, more comfortable and more fun to ride. This Larkspur guide explains how to choose a frame size, what to do when you fall between two ",41.561677143217025,55.68027450736282,-14.11859736414579
content:faq_rewrite,info-06,1,4,larkspur.example,True,2,"Reach is how far forward the handlebar is from the saddle. If your back aches, your hands go numb, or your arms are locked straight, the bike is probably too st",41.561677143217025,42.97149924996354,-1.4098221067465222
content:faq_rewrite,info-06,1,4,larkspur.example,True,3,"For the Larkspur Metro 7, small fits riders 155 to 168 cm, medium 168 to 182 cm and large 182 to 195 cm. For the Gravel GX, size 50 fits 158 to 167 cm, 52 fits ",41.561677143217025,56.94919987641005,-15.387522733193027
content:faq_rewrite,info-06,1,5,larkspur.example,True,1,Saddle height is the most important fit adjustment on any bike. A saddle that is too low or too high is the most common cause of knee pain in new riders. This L,41.561677143217025,49.42126608737014,-7.859588944153117
content:faq_rewrite,info-06,1,5,larkspur.example,True,2,"Pain at the front of the knee, around or under the kneecap, usually means the saddle is too low, so the knee stays too bent under load. Pain at the back of the ",41.561677143217025,50.646667214659935,-9.084990071442911
content:faq_rewrite,info-06,1,5,larkspur.example,True,3,"For the inseam method, multiply your inseam by 1.09 and measure that distance from the pedal axle, with the crank in line with the seat tube, to the top of the ",41.561677143217025,58.4704429417996,-16.90876579858257
baseline,comp-11,0,1,larkspur.example,True,1,The Larkspur Floor Pump is a steel-barrel track pump for keeping your tires at the right pressure at home. Checking pressure once a week is the single easiest w,99.9997180916092,99.99976185023633,-4.3758627121803784e-05
baseline,comp-11,0,1,larkspur.example,True,2,"The dual head fits both Presta and Schrader valves without swapping parts. For a Presta valve, first unscrew the small tip on the valve and press it once to fre",99.9997180916092,99.99985733586794,-0.0001392442587344611
baseline,comp-11,0,1,larkspur.example,True,3,"The pump reaches 160 psi (11 bar). It stands 68 cm tall, weighs 1.9 kg and has a 90 cm hose. In our tests it took 18 strokes to fill a 700 x 28 tire from flat t",99.9997180916092,99.99967029944003,4.7792169177718336e-05
baseline,comp-11,0,2,pedalcheap.example,False,1,"Every cyclist needs a pump. Riding on soft tires is slow and can cause flats, so pump up before you ride. The Larkspur Floor Pump costs $49 and works with both ",99.9997180916092,99.99986789177457,-0.00014980016537213814
baseline,comp-11,0,3,saddlesore.example,False,1,I had eleven flats in my first year of commuting. Last year I had two. Here is what changed. After every flat I now run my fingers around the inside of the tire,99.9997180916092,99.99984343472738,-0.000125343118173582
baseline,comp-11,0,3,saddlesore.example,False,2,"Flip the bike, wheel out, one lever, then the second, tube out. I put a bit of air in the new tube before fitting it so it doesn't twist. I pump to about 50 psi",99.9997180916092,99.99980642239737,-8.833078816161688e-05
baseline,comp-11,0,4,spokewise.example,False,1,"We filled a 700 x 28 road tire to 80 psi and a 700 x 42 commuter tire to 50 psi with six floor pumps, and checked each gauge against a calibrated digital gauge.",99.9997180916092,99.9998424549676,-0.00012436335840027013
baseline,comp-11,0,4,spokewise.example,False,2,"A typical 20 cm mini pump took 290 strokes to reach 80 psi on the road tire. Keep one on the bike for emergencies, not for weekly top-ups. In every pump that le",99.9997180916092,99.9998665169636,-0.00014842535440706683
baseline,comp-11,0,5,saddlesore.example,False,1,"For years I pumped my tires to the maximum number on the sidewall, 85 psi, because I thought hard meant fast. My hands went numb on every ride. My commuter has ",99.9997180916092,99.99982350956631,-0.00010541795710805602
baseline,comp-11,0,5,saddlesore.example,False,2,"I started at the maximum and dropped 5 psi each week until the tire felt soft in corners, then went back up one step. Too low, and you feel it squirm and risk a",99.9997180916092,99.99981430113017,-9.620952097222357e-05
baseline,comp-11,1,1,larkspur.example,True,1,The Larkspur Floor Pump is a steel-barrel track pump for keeping your tires at the right pressure at home. Checking pressure once a week is the single easiest w,67.43928766998226,50.16423372072192,17.275053949260343
baseline,comp-11,1,1,larkspur.example,True,2,"The dual head fits both Presta and Schrader valves without swapping parts. For a Presta valve, first unscrew the small tip on the valve and press it once to fre",67.43928766998226,61.92389507867373,5.515392591308532
baseline,comp-11,1,1,larkspur.example,True,3,"The pump reaches 160 psi (11 bar). It stands 68 cm tall, weighs 1.9 kg and has a 90 cm hose. In our tests it took 18 strokes to fill a 700 x 28 tire from flat t",67.43928766998226,51.494044366458304,15.94524330352396
baseline,comp-11,1,2,pedalcheap.example,False,1,"Every cyclist needs a pump. Riding on soft tires is slow and can cause flats, so pump up before you ride. The Larkspur Floor Pump costs $49 and works with both ",67.43928766998226,82.49731592590872,-15.058028255926459
baseline,comp-11,1,3,saddlesore.example,False,1,I had eleven flats in my first year of commuting. Last year I had two. Here is what changed. After every flat I now run my fingers around the inside of the tire,67.43928766998226,61.102819133593364,6.336468536388895
baseline,comp-11,1,3,saddlesore.example,False,2,"Flip the bike, wheel out, one lever, then the second, tube out. I put a bit of air in the new tube before fitting it so it doesn't twist. I pump to about 50 psi",67.43928766998226,57.08380295447879,10.355484715503472
baseline,comp-11,1,4,spokewise.example,False,1,"We filled a 700 x 28 road tire to 80 psi and a 700 x 42 commuter tire to 50 psi with six floor pumps, and checked each gauge against a calibrated digital gauge.",67.43928766998226,54.853219555576125,12.586068114406135
baseline,comp-11,1,4,spokewise.example,False,2,"A typical 20 cm mini pump took 290 strokes to reach 80 psi on the road tire. Keep one on the bike for emergencies, not for weekly top-ups. In every pump that le",67.43928766998226,72.67790975532056,-5.238622085338296
baseline,comp-11,1,5,saddlesore.example,False,1,"For years I pumped my tires to the maximum number on the sidewall, 85 psi, because I thought hard meant fast. My hands went numb on every ride. My commuter has ",67.43928766998226,62.96806566726823,4.471222002714037
baseline,comp-11,1,5,saddlesore.example,False,2,"I started at the maximum and dropped 5 psi each week until the tire felt soft in corners, then went back up one step. Too low, and you feel it squirm and risk a",67.43928766998226,72.17553090753161,-4.736243237549342
baseline,tran-05,0,1,cogandchain.example,False,1,"The Cub 16 is a light first pedal bike for children aged about 4 to 6. At 6.3 kg the Cub 16 is one of the lightest 16 inch bikes you can buy, which makes it eas",43.674190566433985,49.16583243920977,-5.491641872775787
baseline,tran-05,0,1,cogandchain.example,False,2,"The Cub 16 pairs a rear coaster brake with a front hand brake. Many children already understand pedaling backward to stop, and the hand brake lets them learn le",43.674190566433985,40.40273204915593,3.2714585172780586
baseline,tran-05,0,1,cogandchain.example,False,3,Q: What size bike does a 5 year old need? A: Most five year olds ride a 16 inch bike. Measure your child's inseam; they should be able to touch the ground with ,43.674190566433985,42.68149093802901,0.9926996284049805
baseline,tran-05,0,2,pedalcheap.example,False,1,Buying a bike for your kid is exciting! Here are our top picks for this year. The Cog & Chain Cub 16 costs $279 and is super light. The Larkspur Sprout 16 costs,43.674190566433985,50.028113369165524,-6.353922802731543
baseline,tran-05,0,3,larkspur.example,True,1,The Larkspur Sprout 16 is a first pedal bike for young children who have outgrown a balance bike or are ready to ride without one. Children are much lighter tha,43.674190566433985,37.98174997280127,5.692440593632714
baseline,tran-05,0,3,larkspur.example,True,2,"The Sprout 16 has two short-reach hand brakes and no coaster brake. A coaster brake, which works by pedaling backward, is common on kids bikes, but it makes it ",43.674190566433985,49.70020234631933,-6.0260117798853425
baseline,tran-05,0,3,larkspur.example,True,3,"The Sprout 16 fits children from about 100 to 120 cm tall, which is typically ages four to six. A five year old of average height, around 110 cm, is right in th",43.674190566433985,2.3082103645908814,41.36598020184311
baseline,tran-05,0,4,cogandchain.example,False,1,"The Dome is a simple, comfortable helmet for everyday riding. It is built for commuters who wear a helmet every day and want one that is light, easy to buckle a",43.674190566433985,45.347392273628934,-1.673201707194949
baseline,tran-05,0,4,cogandchain.example,False,2,"A magnetic buckle clips shut with one hand, even in gloves. The dial at the back adjusts the fit, and the rear cradle moves up and down to suit different hairst",43.674190566433985,43.46148121977902,0.21270934665496566
baseline,tran-05,0,4,cogandchain.example,False,3,"Q: Is a rotational liner worth it? A: We think so. It adds only a few grams and a few dollars, and it is designed to lower rotational forces in angled impacts.",43.674190566433985,49.031223399554044,-5.357032833120057
baseline,tran-05,0,5,pedalcheap.example,False,1,"Your helmet is the most important piece of cycling gear you will buy. Luckily, good helmets don't have to be expensive. The Cog & Chain Dome costs $79 and has a",43.674190566433985,46.787429883086524,-3.1132393166525385
baseline,tran-05,1,1,cogandchain.example,False,1,"The Cub 16 is a light first pedal bike for children aged about 4 to 6. At 6.3 kg the Cub 16 is one of the lightest 16 inch bikes you can buy, which makes it eas",45.381032951343144,48.92597483043773,-3.5449418790945817
baseline,tran-05,1,1,cogandchain.example,False,2,"The Cub 16 pairs a rear coaster brake with a front hand brake. Many children already understand pedaling backward to stop, and the hand brake lets them learn le",45.381032951343144,48.749597557686045,-3.3685646063428942
baseline,tran-05,1,1,cogandchain.example,False,3,Q: What size bike does a 5 year old need? A: Most five year olds ride a 16 inch bike. Measure your child's inseam; they should be able to touch the ground with ,45.381032951343144,49.59333439214198,-4.212301440798832
baseline,tran-05,1,2,pedalcheap.example,False,1,Buying a bike for your kid is exciting! Here are our top picks for this year. The Cog & Chain Cub 16 costs $279 and is super light. The Larkspur Sprout 16 costs,45.381032951343144,68.43381439376964,-23.052781442426497
baseline,tran-05,1,3,larkspur.example,True,1,The Larkspur Sprout 16 is a first pedal bike for young children who have outgrown a balance bike or are ready to ride without one. Children are much lighter tha,45.381032951343144,47.145793971129116,-1.7647610197859653
baseline,tran-05,1,3,larkspur.example,True,2,"The Sprout 16 has two short-reach hand brakes and no coaster brake. A coaster brake, which works by pedaling backward, is common on kids bikes, but it makes it ",45.381032951343144,49.51961791070566,-4.138584959362513
baseline,tran-05,1,3,larkspur.example,True,3,"The Sprout 16 fits children from about 100 to 120 cm tall, which is typically ages four to six. A five year old of average height, around 110 cm, is right in th",45.381032951343144,8.325248417279992,37.05578453406315
baseline,tran-05,1,4,cogandchain.example,False,1,"The Dome is a simple, comfortable helmet for everyday riding. It is built for commuters who wear a helmet every day and want one that is light, easy to buckle a",45.381032951343144,48.698358703101306,-3.31732575175816
baseline,tran-05,1,4,cogandchain.example,False,2,"A magnetic buckle clips shut with one hand, even in gloves. The dial at the back adjusts the fit, and the rear cradle moves up and down to suit different hairst",45.381032951343144,48.318177892289484,-2.9371449409463346
baseline,tran-05,1,4,cogandchain.example,False,3,"Q: Is a rotational liner worth it? A: We think so. It adds only a few grams and a few dollars, and it is designed to lower rotational forces in angled impacts.",45.381032951343144,49.177591096374314,-3.7965581450311703
baseline,tran-05,1,5,pedalcheap.example,False,1,"Your helmet is the most important piece of cycling gear you will buy. Luckily, good helmets don't have to be expensive. The Cog & Chain Dome costs $79 and has a",45.381032951343144,47.91544695779852,-2.5344140064553766
baseline,info-12,0,1,spokewise.example,False,1,"We put 40 volunteers from 152 to 196 cm tall on three sizes of the same commuter bike and had each ride 10 km on each size, then rate comfort and note any pain.",71.57735417279669,90.07814386807755,-18.50078969528085
baseline,info-12,0,1,spokewise.example,False,2,Eleven riders reported lower back or neck pain on at least one size. In 9 of those cases it was on the size with the longest reach. Swapping to a stem 20 mm sho,71.57735417279669,69.34932731319495,2.2280268596017394
baseline,info-12,0,2,larkspur.example,True,1,"A bike that fits is safer, more comfortable and more fun to ride. This Larkspur guide explains how to choose a frame size, what to do when you fall between two ",71.57735417279669,50.40955634990154,21.167797822895153
baseline,info-12,0,2,larkspur.example,True,2,"Reach is how far forward the handlebar is from the saddle. If your back aches, your hands go numb, or your arms are locked straight, the bike is probably too st",71.57735417279669,30.376860940723656,41.200493232073036
baseline,info-12,0,2,larkspur.example,True,3,"For the Larkspur Metro 7, small fits riders 155 to 168 cm, medium 168 to 182 cm and large 182 to 195 cm. For the Gravel GX, size 50 fits 158 to 167 cm, 52 fits ",71.57735417279669,54.52345054325121,17.053903629545488
baseline,info-12,0,3,cogandchain.example,False,1,"The Cub 16 is a light first pedal bike for children aged about 4 to 6. At 6.3 kg the Cub 16 is one of the lightest 16 inch bikes you can buy, which makes it eas",71.57735417279669,67.90862606723275,3.6687281055639454
baseline,info-12,0,3,cogandchain.example,False,2,"The Cub 16 pairs a rear coaster brake with a front hand brake. Many children already understand pedaling backward to stop, and the hand brake lets them learn le",71.57735417279669,68.58136445047019,2.9959897223265086
baseline,info-12,0,3,cogandchain.example,False,3,Q: What size bike does a 5 year old need? A: Most five year olds ride a 16 inch bike. Measure your child's inseam; they should be able to touch the ground with ,71.57735417279669,71.11193529185228,0.46541888094441264
baseline,info-12,0,4,larkspur.example,True,1,The Larkspur Sprout 16 is a first pedal bike for young children who have outgrown a balance bike or are ready to ride without one. Children are much lighter tha,71.57735417279669,68.1800169974002,3.3973371753964865
baseline,info-12,0,4,larkspur.example,True,2,"The Sprout 16 has two short-reach hand brakes and no coaster brake. A coaster brake, which works by pedaling backward, is common on kids bikes, but it makes it ",71.57735417279669,68.81174792237239,2.7656062504243017
baseline,info-12,0,4,larkspur.example,True,3,"The Sprout 16 fits children from about 100 to 120 cm tall, which is typically ages four to six. A five year old of average height, around 110 cm, is right in th",71.57735417279669,66.41948494593517,5.157869226861522
baseline,info-12,0,5,saddlesore.example,False,1,"My first commuter was a large, because the shop had it on sale and I'm 180 cm. After a month my lower back ached every morning and my hands went numb. I have sh",71.57735417279669,66.41829836312073,5.159055809675972
baseline,info-12,0,5,saddlesore.example,False,2,"Don't buy from a chart alone. If you're between sizes, try both, and pay attention to your hands and back, not just your legs.",71.57735417279669,71.02343666093098,0.5539175118657091
baseline,info-12,1,1,spokewise.example,False,1,"We put 40 volunteers from 152 to 196 cm tall on three sizes of the same commuter bike and had each ride 10 km on each size, then rate comfort and note any pain.",51.35569293353066,89.93580986336951,-38.58011692983885
baseline,info-12,1,1,spokewise.example,False,2,Eleven riders reported lower back or neck pain on at least one size. In 9 of those cases it was on the size with the longest reach. Swapping to a stem 20 mm sho,51.35569293353066,55.29445694342967,-3.9387640098990095
baseline,info-12,1,2,larkspur.example,True,1,"A bike that fits is safer, more comfortable and more fun to ride. This Larkspur guide explains how to choose a frame size, what to do when you fall between two ",51.35569293353066,48.716464626999795,2.6392283065308666
baseline,info-12,1,2,larkspur.example,True,2,"Reach is how far forward the handlebar is from the saddle. If your back aches, your hands go numb, or your arms are locked straight, the bike is probably too st",51.35569293353066,37.88036091292449,13.475332020606173
baseline,info-12,1,2,larkspur.example,True,3,"For the Larkspur Metro 7, small fits riders 155 to 168 cm, medium 168 to 182 cm and large 182 to 195 cm. For the Gravel GX, size 50 fits 158 to 167 cm, 52 fits ",51.35569293353066,33.26923088816744,18.086462045363223
baseline,info-12,1,3,cogandchain.example,False,1,"The Cub 16 is a light first pedal bike for children aged about 4 to 6. At 6.3 kg the Cub 16 is one of the lightest 16 inch bikes you can buy, which makes it eas",51.35569293353066,49.92985312391112,1.425839809619539
baseline,info-12,1,3,cogandchain.example,False,2,"The Cub 16 pairs a rear coaster brake with a front hand brake. Many children already understand pedaling backward to stop, and the hand brake lets them learn le",51.35569293353066,48.26245161916336,3.093241314367301
baseline,info-12,1,3,cogandchain.example,False,3,Q: What size bike does a 5 year old need? A: Most five year olds ride a 16 inch bike. Measure your child's inseam; they should be able to touch the ground with ,51.35569293353066,52.21585935999341,-0.8601664264627495
baseline,info-12,1,4,larkspur.example,True,1,The Larkspur Sprout 16 is a first pedal bike for young children who have outgrown a balance bike or are ready to ride without one. Children are much lighter tha,51.35569293353066,48.212045996588834,3.143646936941824
baseline,info-12,1,4,larkspur.example,True,2,"The Sprout 16 has two short-reach hand brakes and no coaster brake. A coaster brake, which works by pedaling backward, is common on kids bikes, but it makes it ",51.35569293353066,51.293515724771964,0.06217720875869581
baseline,info-12,1,4,larkspur.example,True,3,"The Sprout 16 fits children from about 100 to 120 cm tall, which is typically ages four to six. A five year old of average height, around 110 cm, is right in th",51.35569293353066,54.38767335272221,-3.031980419191549
baseline,info-12,1,5,saddlesore.example,False,1,"My first commuter was a large, because the shop had it on sale and I'm 180 cm. After a month my lower back ached every morning and my hands went numb. I have sh",51.35569293353066,52.56308962158644,-1.207396688055784
baseline,info-12,1,5,saddlesore.example,False,2,"Don't buy from a chart alone. If you're between sizes, try both, and pay attention to your hands and back, not just your legs.",51.35569293353066,57.29938213544995,-5.943689201919289
baseline,comp-14,0,1,cogandchain.example,False,1,"We stock three types. Wet lube for rain and winter. Dry lube for dry, dusty summer riding. Wax, which lasts longest and stays cleanest but has to be applied to ",48.653146607147576,44.23744924058784,4.415697366559734
baseline,comp-14,0,1,cogandchain.example,False,2,"Q: How often should I lube my bike chain? A: Every 200 km or so, and after any ride in heavy rain. If the chain sounds dry or squeaks, it needs lube now.",48.653146607147576,46.81696887848066,1.8361777286669212
baseline,comp-14,0,1,cogandchain.example,False,3,"Q: Wet lube or dry lube for commuting? A: If you ride through a wet winter, use wet lube. In dry weather, dry lube or wax keeps the chain cleaner.",48.653146607147576,45.047506358150954,3.605640248996622
baseline,comp-14,0,2,larkspur.example,True,1,"A clean, lubed chain shifts better, runs quieter and lasts much longer. This Larkspur guide covers a quick routine that takes about ten minutes. Wipe the chain ",48.653146607147576,44.60248176288844,4.050664844259138
baseline,comp-14,0,2,larkspur.example,True,2,"Put one drop of lube on each roller on the inside of the chain while turning the pedals slowly. Turn the cranks for a minute so the lube works into the links, t",48.653146607147576,38.925986695204415,9.727159911943161
baseline,comp-14,0,2,larkspur.example,True,3,"A chain that squeaks after a wet ride has had its lube washed out. Wipe it dry and lube it again the same day, or rust will start on the rollers. For daily comm",48.653146607147576,49.02953476990448,-0.3763881627569021
baseline,comp-14,0,3,saddlesore.example,False,1,I ruined a cassette and chainrings in my second winter because I never cleaned my chain. A $180 repair taught me to spend ten minutes every other weekend on it.,48.653146607147576,48.62734648694872,0.025800120198865573
baseline,comp-14,0,3,saddlesore.example,False,2,"My commute is 9 km each way, so roughly every 180 km. I also check it with a $10 wear gauge each month.",48.653146607147576,48.094415081590654,0.558731525556927
baseline,comp-14,0,4,cogandchain.example,False,1,"Normal tires are fine on wet or cleared roads. On black ice or packed snow, studded tires are the only tire that grips. A pair of studded commuter tires costs a",48.653146607147576,48.318233747125184,0.33491286002239606
baseline,comp-14,0,4,cogandchain.example,False,2,"Q: Are studded bike tires worth it? A: If you ride on ice regularly, yes. On dry or wet roads they are slower and noisy, so fit them only when ice is likely.",48.653146607147576,47.70595350911171,0.94719309803587
baseline,comp-14,0,4,cogandchain.example,False,3,"Q: How do I stop salt ruining my bike? A: Rinse with plain water after salty rides, dry the chain and lube it again. A wax or wet lube holds up better than dry ",48.653146607147576,49.051861225132775,-0.39871461798519636
baseline,comp-14,0,5,larkspur.example,True,1,"Riding through the winter is easier than most people expect, once you have the right clothes, lights and a bit of extra maintenance. This Larkspur guide covers ",48.653146607147576,46.80542431386187,1.8477222932857085
baseline,comp-14,0,5,larkspur.example,True,2,"Wider tires at slightly lower pressure grip better on wet and slushy roads. If your route has ice that does not get cleared, studded tires are worth buying. The",48.653146607147576,46.88077926575902,1.7723673413885588
baseline,comp-14,0,5,larkspur.example,True,3,"Studded tires cost about $60 to $120 each and are noticeably slower on dry roads, so run them at 30 to 40 psi only for the icy months. Rinse after every salty r",48.653146607147576,46.42015945568702,2.2329871514605584
baseline,comp-14,1,1,cogandchain.example,False,1,"We stock three types. Wet lube for rain and winter. Dry lube for dry, dusty summer riding. Wax, which lasts longest and stays cleanest but has to be applied to ",49.526075276334346,47.444668187286574,2.081407089047771
baseline,comp-14,1,1,cogandchain.example,False,2,"Q: How often should I lube my bike chain? A: Every 200 km or so, and after any ride in heavy rain. If the chain sounds dry or squeaks, it needs lube now.",49.526075276334346,49.205637909968566,0.32043736636578335
baseline,comp-14,1,1,cogandchain.example,False,3,"Q: Wet lube or dry lube for commuting? A: If you ride through a wet winter, use wet lube. In dry weather, dry lube or wax keeps the chain cleaner.",49.526075276334346,48.75324908630684,0.7728261900275091
baseline,comp-14,1,2,larkspur.example,True,1,"A clean, lubed chain shifts better, runs quieter and lasts much longer. This Larkspur guide covers a quick routine that takes about ten minutes. Wipe the chain ",49.526075276334346,47.25943338824338,2.26664188809097
baseline,comp-14,1,2,larkspur.example,True,2,"Put one drop of lube on each roller on the inside of the chain while turning the pedals slowly. Turn the cranks for a minute so the lube works into the links, t",49.526075276334346,39.09202056890918,10.434054707425172
baseline,comp-14,1,2,larkspur.example,True,3,"A chain that squeaks after a wet ride has had its lube washed out. Wipe it dry and lube it again the same day, or rust will start on the rollers. For daily comm",49.526075276334346,49.69769823688947,-0.17162296055512338
baseline,comp-14,1,3,saddlesore.example,False,1,I ruined a cassette and chainrings in my second winter because I never cleaned my chain. A $180 repair taught me to spend ten minutes every other weekend on it.,49.526075276334346,49.59135804791825,-0.06528277158390217
baseline,comp-14,1,3,saddlesore.example,False,2,"My commute is 9 km each way, so roughly every 180 km. I also check it with a $10 wear gauge each month.",49.526075276334346,49.689097402425,-0.1630221260906506
baseline,comp-14,1,4,cogandchain.example,False,1,"Normal tires are fine on wet or cleared roads. On black ice or packed snow, studded tires are the only tire that grips. A pair of studded commuter tires costs a",49.526075276334346,49.330842679014694,0.1952325973196556
baseline,comp-14,1,4,cogandchain.example,False,2,"Q: Are studded bike tires worth it? A: If you ride on ice regularly, yes. On dry or wet roads they are slower and noisy, so fit them only when ice is likely.",49.526075276334346,49.34977251895906,0.17630275737529066
baseline,comp-14,1,4,cogandchain.example,False,3,"Q: How do I stop salt ruining my bike? A: Rinse with plain water after salty rides, dry the chain and lube it again. A wax or wet lube holds up better than dry ",49.526075276334346,49.79060854107188,-0.2645332647375376
baseline,comp-14,1,5,larkspur.example,True,1,"Riding through the winter is easier than most people expect, once you have the right clothes, lights and a bit of extra maintenance. This Larkspur guide covers ",49.526075276334346,48.87731384910701,0.6487614272273345
baseline,comp-14,1,5,larkspur.example,True,2,"Wider tires at slightly lower pressure grip better on wet and slushy roads. If your route has ice that does not get cleared, studded tires are worth buying. The",49.526075276334346,48.578799682747146,0.947275593587199
baseline,comp-14,1,5,larkspur.example,True,3,"Studded tires cost about $60 to $120 each and are noticeably slower on dry roads, so run them at 30 to 40 psi only for the icy months. Rinse after every salty r",49.526075276334346,49.043426056724634,0.4826492196097154
baseline,info-06,0,1,cogandchain.example,False,1,"The Dome is a simple, comfortable helmet for everyday riding. It is built for commuters who wear a helmet every day and want one that is light, easy to buckle a",53.581191760397694,57.40737950462312,-3.826187744225429
baseline,info-06,0,1,cogandchain.example,False,2,"A magnetic buckle clips shut with one hand, even in gloves. The dial at the back adjusts the fit, and the rear cradle moves up and down to suit different hairst",53.581191760397694,46.15662075092949,7.424571009468201
baseline,info-06,0,1,cogandchain.example,False,3,"Q: How do I find my helmet size? A: Wrap a soft tape measure around your head just above the eyebrows and ears. If you fall between two sizes, try both; the sma",53.581191760397694,75.82586539394049,-22.2446736335428
baseline,info-06,0,2,larkspur.example,True,1,"The Larkspur Shell is a commuter helmet for daily riding in the city. It has a built-in rear light, a small visor and a fit system that works with a hat underne",53.581191760397694,51.827680393947126,1.7535113664505664
baseline,info-06,0,2,larkspur.example,True,2,"A helmet only protects you if it fits. Measure around your head about 2 cm above your eyebrows with a soft tape, and choose the size that puts you in the middle",53.581191760397694,33.832669012401695,19.748522747996
baseline,info-06,0,2,larkspur.example,True,3,"The Shell comes in three sizes: small fits 51 to 55 cm, medium 55 to 59 cm and large 59 to 63 cm. A medium weighs 330 g. The rear light gives 25 lumens and runs",53.581191760397694,59.315346913104236,-5.734155152706544
baseline,info-06,0,3,saddlesore.example,False,1,"My first commuter was a large, because the shop had it on sale and I'm 180 cm. After a month my lower back ached every morning and my hands went numb. I have sh",53.581191760397694,54.794496415300664,-1.2133046549029691
baseline,info-06,0,3,saddlesore.example,False,2,"Don't buy from a chart alone. If you're between sizes, try both, and pay attention to your hands and back, not just your legs.",53.581191760397694,72.22095465721824,-18.639762896820557
baseline,info-06,0,4,larkspur.example,True,1,"A bike that fits is safer, more comfortable and more fun to ride. This Larkspur guide explains how to choose a frame size, what to do when you fall between two ",53.581191760397694,56.21865061032175,-2.637458849924057
baseline,info-06,0,4,larkspur.example,True,2,"Reach is how far forward the handlebar is from the saddle. If your back aches, your hands go numb, or your arms are locked straight, the bike is probably too st",53.581191760397694,55.72056154522848,-2.13936978483078
baseline,info-06,0,4,larkspur.example,True,3,"For the Larkspur Metro 7, small fits riders 155 to 168 cm, medium 168 to 182 cm and large 182 to 195 cm. For the Gravel GX, size 50 fits 158 to 167 cm, 52 fits ",53.581191760397694,49.01312073545262,4.568071024945075
baseline,info-06,0,5,larkspur.example,True,1,Saddle height is the most important fit adjustment on any bike. A saddle that is too low or too high is the most common cause of knee pain in new riders. This L,53.581191760397694,55.30508054043577,-1.7238887800380742
baseline,info-06,0,5,larkspur.example,True,2,"Pain at the front of the knee, around or under the kneecap, usually means the saddle is too low, so the knee stays too bent under load. Pain at the back of the ",53.581191760397694,50.78998595250539,2.791205807892305
baseline,info-06,0,5,larkspur.example,True,3,"For the inseam method, multiply your inseam by 1.09 and measure that distance from the pedal axle, with the crank in line with the seat tube, to the top of the ",53.581191760397694,51.88752621648891,1.6936655439087844
baseline,info-06,1,1,cogandchain.example,False,1,"The Dome is a simple, comfortable helmet for everyday riding. It is built for commuters who wear a helmet every day and want one that is light, easy to buckle a",85.96590391056584,64.40314971890764,21.562754191658208
baseline,info-06,1,1,cogandchain.example,False,2,"A magnetic buckle clips shut with one hand, even in gloves. The dial at the back adjusts the fit, and the rear cradle moves up and down to suit different hairst",85.96590391056584,70.76208292702533,15.203820983540517
baseline,info-06,1,1,cogandchain.example,False,3,"Q: How do I find my helmet size? A: Wrap a soft tape measure around your head just above the eyebrows and ears. If you fall between two sizes, try both; the sma",85.96590391056584,78.94707570569692,7.018828204868921
baseline,info-06,1,2,larkspur.example,True,1,"The Larkspur Shell is a commuter helmet for daily riding in the city. It has a built-in rear light, a small visor and a fit system that works with a hat underne",85.96590391056584,90.09107868677002,-4.125174776204177
baseline,info-06,1,2,larkspur.example,True,2,"A helmet only protects you if it fits. Measure around your head about 2 cm above your eyebrows with a soft tape, and choose the size that puts you in the middle",85.96590391056584,71.02867136183006,14.937232548735778
baseline,info-06,1,2,larkspur.example,True,3,"The Shell comes in three sizes: small fits 51 to 55 cm, medium 55 to 59 cm and large 59 to 63 cm. A medium weighs 330 g. The rear light gives 25 lumens and runs",85.96590391056584,49.75315764433592,36.21274626622992
baseline,info-06,1,3,saddlesore.example,False,1,"My first commuter was a large, because the shop had it on sale and I'm 180 cm. After a month my lower back ached every morning and my hands went numb. I have sh",85.96590391056584,92.42638465896988,-6.4604807484040405
baseline,info-06,1,3,saddlesore.example,False,2,"Don't buy from a chart alone. If you're between sizes, try both, and pay attention to your hands and back, not just your legs.",85.96590391056584,92.67132854795241,-6.70542463738657
baseline,info-06,1,4,larkspur.example,True,1,"A bike that fits is safer, more comfortable and more fun to ride. This Larkspur guide explains how to choose a frame size, what to do when you fall between two ",85.96590391056584,69.74277852815128,16.223125382414572
baseline,info-06,1,4,larkspur.example,True,2,"Reach is how far forward the handlebar is from the saddle. If your back aches, your hands go numb, or your arms are locked straight, the bike is probably too st",85.96590391056584,63.68542829339773,22.280475617168115
baseline,info-06,1,4,larkspur.example,True,3,"For the Larkspur Metro 7, small fits riders 155 to 168 cm, medium 168 to 182 cm and large 182 to 195 cm. For the Gravel GX, size 50 fits 158 to 167 cm, 52 fits ",85.96590391056584,80.40486806552609,5.561035845039752
baseline,info-06,1,5,larkspur.example,True,1,Saddle height is the most important fit adjustment on any bike. A saddle that is too low or too high is the most common cause of knee pain in new riders. This L,85.96590391056584,75.27617154368664,10.689732366879202
baseline,info-06,1,5,larkspur.example,True,2,"Pain at the front of the knee, around or under the kneecap, usually means the saddle is too low, so the knee stays too bent under load. Pain at the back of the ",85.96590391056584,72.86290798272043,13.102995927845418
baseline,info-06,1,5,larkspur.example,True,3,"For the inseam method, multiply your inseam by 1.09 and measure that distance from the pedal axle, with the crank in line with the seat tube, to the top of the ",85.96590391056584,84.75555724080806,1.2103466697577892
