arm,kind,n_queries,base_pwc_pct,d_pwc_pp,d_pwc_lo,d_pwc_hi,p,rel_pct,d_csov_pp,d_csov_lo,d_csov_hi,d_cite_rate_pp,d_retrieval_pp,d_pwc_given_retrieved_pp,d_sentiment,uncited_rate_pct,d_uncited_pp,hallucinated_per_answer,new_calls,new_cost_usd,transform_scope,p_holm,significant,aa_lo,aa_hi,beyond_aa
noop,doc,40,19.7158,0,0,0,1,0,0,0,0,0,0,0,0,0,0,0,200,0,none,,False,-0.227882,4.87724,False
aa_resample,aa,40,19.7158,2.33576,-0.227882,4.87724,0.0979549,11.8472,1.925,-0.225,4.18333,1.5,0,2.9197,0.0202541,0,0,0,200,0,none,,False,-0.227882,4.87724,False
metadata,doc,40,19.7158,0.579381,-1.46627,2.68245,0.558017,2.93867,0.733333,-1.2,2.82521,-3,0,0.724227,0.00143368,0,0,0,200,0,crossfit-2,1,False,-0.227882,4.87724,False
faq_rewrite,doc,40,19.7158,0.955174,-1.36865,3.49158,0.855742,4.84471,0.483333,-1.60833,2.63354,1.5,-2.5,1.19397,-0.00197013,0,0,0,200,0,crossfit-2,1,False,-0.227882,4.87724,False
jsonld_insert,doc,40,19.7158,0,0,0,1,0,0,0,0,0,0,0,0,0,0,0,200,0,none,1,False,-0.227882,4.87724,False
internal_links,doc,40,19.7158,-0.674162,-1.61608,0,0.382139,-3.4194,-0.825,-2.15,0.0333333,-2.5,0,-0.842702,-0.010353,0,0,0,200,0,none,1,False,-0.227882,4.87724,True
stats_surface,doc,40,19.7158,-1.65536,-4.14744,0.892022,0.233349,-8.39612,-1.20833,-3.48333,1.04167,-2.5,-2.5,-2.86913,-0.0228667,0,0,0,200,0,none,1,False,-0.227882,4.87724,True
quote_surface,doc,40,19.7158,-1.94357,-5.3494,0.495813,0.433767,-9.85794,-1.625,-4.62521,0.641667,-3.5,0,-2.42946,-0.00437422,0,0,0,200,0,none,1,False,-0.227882,4.87724,True
keyword_stuffing,doc,40,19.7158,1.5105,-0.390839,3.96974,0.42978,7.66137,1.16667,-0.608542,3.55854,1.5,-2.5,1.81259,2.91136e-05,0,0,0,200,0,crossfit-2,1,False,-0.227882,4.87724,False
engine:reverse,engine,40,19.7158,11.426,3.21494,19.5396,0.00581414,57.9533,9.5,2.62479,16.3502,10,0,14.2824,0.0216112,0,0,0,200,0,none,0.0465131,True,-0.227882,4.87724,True
