query_id,imp_pwc,imp_word,c_share,cited,retrieved,answer_sentiment,uncited,n_hallucinated,arm
comp-01,0,0,0,0,0,,0,0,baseline
comp-02,0.139127,0.129751,0.13,0.6,1,0.138835,0,0,baseline
comp-03,0,0,0,0,0,,0,0,baseline
comp-04,0.374369,0.33941,0.213333,0.8,1,0.0377053,0,0,baseline
comp-05,0.3063,0.358529,0.306667,0.8,1,0.113061,0,0,baseline
comp-06,0,0,0,0,0,,0,0,baseline
comp-07,0,0,0,0,1,,0,0,baseline
comp-08,0.383859,0.413632,0.3,1,1,0.0987226,0,0,baseline
comp-09,0.274484,0.286981,0.23,0.8,1,0.164429,0,0,baseline
comp-10,0.0478706,0.0490566,0.0333333,0.2,1,0.164497,0,0,baseline
info-01,0.309157,0.29684,0.276667,0.8,1,0.087135,0,0,baseline
info-02,0.6595,0.63718,0.626667,1,1,0.223213,0,0,baseline
info-03,0.0773585,0.0943089,0.09,0.4,1,0.0787705,0,0,baseline
info-04,0.423482,0.404474,0.376667,1,1,0.0517851,0,0,baseline
info-05,0.069271,0.0490909,0.0333333,0.2,1,0.0246415,0,0,baseline
info-06,0.295558,0.295945,0.323333,1,1,0.0928793,0,0,baseline
info-07,0,0,0,0,0,,0,0,baseline
info-08,0.393006,0.341236,0.276667,0.8,1,-0.0700095,0,0,baseline
info-09,0.154044,0.162001,0.0833333,0.4,1,0.0762848,0,0,baseline
info-10,0.381235,0.395791,0.486667,1,1,0.00661418,0,0,baseline
tran-01,0.110324,0.132736,0.09,0.4,1,-0.0294694,0,0,baseline
tran-02,0,0,0,0,0,,0,0,baseline
tran-03,0,0,0,0,0,,0,0,baseline
tran-04,0.536255,0.53844,0.463333,1,1,0.130889,0,0,baseline
tran-05,0,0,0,0,0,,0,0,baseline
tran-06,0.179886,0.211364,0.19,0.8,1,0.103958,0,0,baseline
tran-07,0.0376954,0.0472222,0.0333333,0.2,1,0.0370641,0,0,baseline
tran-08,0.0590815,0.0851852,0.05,0.2,1,0.210233,0,0,baseline
tran-09,0,0,0,0,0,,0,0,baseline
tran-10,0.436357,0.440012,0.413333,0.8,1,0.0784568,0,0,baseline
trou-01,0.043365,0.0558683,0.113333,0.6,1,-0.12976,0,0,baseline
trou-02,0.174396,0.133786,0.14,0.6,1,0.00321148,0,0,baseline
trou-03,0.287558,0.312075,0.36,0.8,1,-0.0367881,0,0,baseline
trou-04,0.157844,0.183427,0.19,0.8,1,0.0780787,0,0,baseline
trou-05,0.165512,0.174699,0.123333,0.6,1,0.0574511,0,0,baseline
trou-06,0.0465449,0.0551724,0.0666667,0.2,1,0.17458,0,0,baseline
trou-07,0.582489,0.567431,0.533333,1,1,-0.0504126,0,0,baseline
trou-08,0.151963,0.180303,0.16,0.4,1,-0.310957,0,0,baseline
trou-09,0.293579,0.315495,0.31,0.8,1,0.0932205,0,0,baseline
trou-10,0.334845,0.394607,0.376667,1,1,0.0203602,0,0,baseline
comp-01,0,0,0,0,0,,0,0,noop
comp-02,0.139127,0.129751,0.13,0.6,1,0.138835,0,0,noop
comp-03,0,0,0,0,0,,0,0,noop
comp-04,0.374369,0.33941,0.213333,0.8,1,0.0377053,0,0,noop
comp-05,0.3063,0.358529,0.306667,0.8,1,0.113061,0,0,noop
comp-06,0,0,0,0,0,,0,0,noop
comp-07,0,0,0,0,1,,0,0,noop
comp-08,0.383859,0.413632,0.3,1,1,0.0987226,0,0,noop
comp-09,0.274484,0.286981,0.23,0.8,1,0.164429,0,0,noop
comp-10,0.0478706,0.0490566,0.0333333,0.2,1,0.164497,0,0,noop
info-01,0.309157,0.29684,0.276667,0.8,1,0.087135,0,0,noop
info-02,0.6595,0.63718,0.626667,1,1,0.223213,0,0,noop
info-03,0.0773585,0.0943089,0.09,0.4,1,0.0787705,0,0,noop
info-04,0.423482,0.404474,0.376667,1,1,0.0517851,0,0,noop
info-05,0.069271,0.0490909,0.0333333,0.2,1,0.0246415,0,0,noop
info-06,0.295558,0.295945,0.323333,1,1,0.0928793,0,0,noop
info-07,0,0,0,0,0,,0,0,noop
info-08,0.393006,0.341236,0.276667,0.8,1,-0.0700095,0,0,noop
info-09,0.154044,0.162001,0.0833333,0.4,1,0.0762848,0,0,noop
info-10,0.381235,0.395791,0.486667,1,1,0.00661418,0,0,noop
tran-01,0.110324,0.132736,0.09,0.4,1,-0.0294694,0,0,noop
tran-02,0,0,0,0,0,,0,0,noop
tran-03,0,0,0,0,0,,0,0,noop
tran-04,0.536255,0.53844,0.463333,1,1,0.130889,0,0,noop
tran-05,0,0,0,0,0,,0,0,noop
tran-06,0.179886,0.211364,0.19,0.8,1,0.103958,0,0,noop
tran-07,0.0376954,0.0472222,0.0333333,0.2,1,0.0370641,0,0,noop
tran-08,0.0590815,0.0851852,0.05,0.2,1,0.210233,0,0,noop
tran-09,0,0,0,0,0,,0,0,noop
tran-10,0.436357,0.440012,0.413333,0.8,1,0.0784568,0,0,noop
trou-01,0.043365,0.0558683,0.113333,0.6,1,-0.12976,0,0,noop
trou-02,0.174396,0.133786,0.14,0.6,1,0.00321148,0,0,noop
trou-03,0.287558,0.312075,0.36,0.8,1,-0.0367881,0,0,noop
trou-04,0.157844,0.183427,0.19,0.8,1,0.0780787,0,0,noop
trou-05,0.165512,0.174699,0.123333,0.6,1,0.0574511,0,0,noop
trou-06,0.0465449,0.0551724,0.0666667,0.2,1,0.17458,0,0,noop
trou-07,0.582489,0.567431,0.533333,1,1,-0.0504126,0,0,noop
trou-08,0.151963,0.180303,0.16,0.4,1,-0.310957,0,0,noop
trou-09,0.293579,0.315495,0.31,0.8,1,0.0932205,0,0,noop
trou-10,0.334845,0.394607,0.376667,1,1,0.0203602,0,0,noop
comp-01,0,0,0,0,0,,0,0,aa_resample
comp-02,0.176193,0.164357,0.14,0.6,1,0.0600841,0,0,aa_resample
comp-03,0,0,0,0,0,,0,0,aa_resample
comp-04,0.366121,0.361984,0.23,0.8,1,0.156551,0,0,aa_resample
comp-05,0.269165,0.220977,0.19,0.8,1,0.273833,0,0,aa_resample
comp-06,0,0,0,0,0,,0,0,aa_resample
comp-07,0.0684484,0.0588235,0.05,0.2,1,-0.100686,0,0,aa_resample
comp-08,0.186154,0.218776,0.19,0.6,1,0.124633,0,0,aa_resample
comp-09,0.324911,0.321421,0.326667,1,1,0.241544,0,0,aa_resample
comp-10,0,0,0,0,1,,0,0,aa_resample
info-01,0.414138,0.435792,0.383333,1,1,0.137272,0,0,aa_resample
info-02,0.757111,0.692213,0.653333,1,1,0.250355,0,0,aa_resample
info-03,0.0662252,0.100259,0.0666667,0.4,1,0.0379105,0,0,aa_resample
info-04,0.393675,0.394055,0.38,0.8,1,0.084758,0,0,aa_resample
info-05,0.085316,0.0838235,0.08,0.2,1,0.0211186,0,0,aa_resample
info-06,0.340938,0.331214,0.306667,1,1,0.0777074,0,0,aa_resample
info-07,0,0,0,0,0,,0,0,aa_resample
info-08,0.364938,0.362218,0.296667,0.8,1,0.0872075,0,0,aa_resample
info-09,0.22647,0.220367,0.18,0.8,1,0.0331905,0,0,aa_resample
info-10,0.546996,0.530774,0.54,1,1,-0.179683,0,0,aa_resample
tran-01,0.0406021,0.0301205,0.0333333,0.2,1,0.199462,0,0,aa_resample
tran-02,0,0,0,0,0,,0,0,aa_resample
tran-03,0,0,0,0,0,,0,0,aa_resample
tran-04,0.719084,0.712676,0.633333,1,1,0.129153,0,0,aa_resample
tran-05,0,0,0,0,0,,0,0,aa_resample
tran-06,0.148838,0.150845,0.123333,0.6,1,0.112474,0,0,aa_resample
tran-07,0.0459865,0.0666667,0.0333333,0.2,1,0.0923361,0,0,aa_resample
tran-08,0.0274371,0.042623,0.04,0.2,1,0.0717421,0,0,aa_resample
tran-09,0,0,0,0,0,,0,0,aa_resample
tran-10,0.649088,0.67192,0.573333,1,1,0.0743402,0,0,aa_resample
trou-01,0.167292,0.161918,0.23,0.8,1,-0.254993,0,0,aa_resample
trou-02,0.108846,0.123693,0.153333,0.6,1,-0.210637,0,0,aa_resample
trou-03,0.340987,0.33593,0.386667,1,1,0.0306771,0,0,aa_resample
trou-04,0.279196,0.235232,0.21,0.8,1,0.240512,0,0,aa_resample
trou-05,0.211962,0.20084,0.153333,0.8,1,0.159849,0,0,aa_resample
trou-06,0,0,0,0,1,,0,0,aa_resample
trou-07,0.64769,0.647628,0.696667,1,1,-0.0593208,0,0,aa_resample
trou-08,0.22043,0.253848,0.193333,0.6,1,-0.118735,0,0,aa_resample
trou-09,0.445793,0.530191,0.463333,1,1,0.0349225,0,0,aa_resample
trou-10,0.18059,0.182966,0.233333,0.8,1,0.0587068,0,0,aa_resample
comp-01,0,0,0,0,0,,0,0,metadata
comp-02,0.218787,0.207227,0.206667,0.6,1,0.0975528,0,0,metadata
comp-03,0,0,0,0,0,,0,0,metadata
comp-04,0.344116,0.337846,0.24,0.6,1,0.127502,0,0,metadata
comp-05,0.239825,0.267192,0.253333,0.6,1,0.078261,0,0,metadata
comp-06,0,0,0,0,0,,0,0,metadata
comp-07,0,0,0,0,1,,0,0,metadata
comp-08,0.315239,0.338211,0.29,1,1,0.0384567,0,0,metadata
comp-09,0.362342,0.380666,0.313333,1,1,0.219686,0,0,metadata
comp-10,0,0,0,0,1,,0,0,metadata
info-01,0.178024,0.155275,0.18,0.6,1,0.12391,0,0,metadata
info-02,0.63775,0.623621,0.626667,1,1,0.275149,0,0,metadata
info-03,0.210506,0.225594,0.183333,0.8,1,0.101369,0,0,metadata
info-04,0.301365,0.282692,0.313333,0.8,1,0.0608645,0,0,metadata
info-05,0.0941004,0.0968614,0.09,0.4,1,0.00506464,0,0,metadata
info-06,0.320646,0.306217,0.336667,1,1,0.0104153,0,0,metadata
info-07,0,0,0,0,0,,0,0,metadata
info-08,0.394161,0.350776,0.25,0.8,1,0.0205267,0,0,metadata
info-09,0.0922404,0.0677966,0.0333333,0.2,1,0.101958,0,0,metadata
info-10,0.379019,0.380733,0.413333,0.8,1,-0.0988722,0,0,metadata
tran-01,0.112763,0.126316,0.0833333,0.4,1,0.172952,0,0,metadata
tran-02,0,0,0,0,0,,0,0,metadata
tran-03,0,0,0,0,0,,0,0,metadata
tran-04,0.574559,0.532784,0.526667,1,1,0.155198,0,0,metadata
tran-05,0,0,0,0,0,,0,0,metadata
tran-06,0.143878,0.180948,0.153333,0.6,1,0.214431,0,0,metadata
tran-07,0.0415709,0.0590909,0.05,0.2,1,0.0832289,0,0,metadata
tran-08,0.0590815,0.0851852,0.05,0.2,1,0.210233,0,0,metadata
tran-09,0,0,0,0,0,,0,0,metadata
tran-10,0.565864,0.61274,0.57,1,1,0.0784349,0,0,metadata
trou-01,0.0118362,0.0206897,0.04,0.2,1,0.0498818,0,0,metadata
trou-02,0.196982,0.171313,0.14,0.4,1,-0.290861,0,0,metadata
trou-03,0.347967,0.360176,0.396667,1,1,-0.0144878,0,0,metadata
trou-04,0.216645,0.2548,0.246667,0.8,1,0.172236,0,0,metadata
trou-05,0.0371825,0.049505,0.0333333,0.2,1,-0.0294694,0,0,metadata
trou-06,0.0941017,0.0916667,0.1,0.4,1,0.0470992,0,0,metadata
trou-07,0.77957,0.784445,0.77,1,1,-0.107979,0,0,metadata
trou-08,0.104456,0.106647,0.0733333,0.4,1,-0.415777,0,0,metadata
trou-09,0.31705,0.329399,0.3,0.8,1,0.0316814,0,0,metadata
trou-10,0.426443,0.488547,0.43,1,1,0.0785459,0,0,metadata
comp-01,0,0,0,0,0,,0,0,faq_rewrite
comp-02,0.139127,0.129751,0.13,0.6,1,0.138835,0,0,faq_rewrite
comp-03,0,0,0,0,0,,0,0,faq_rewrite
comp-04,0.476906,0.486642,0.303333,1,1,0.047612,0,0,faq_rewrite
comp-05,0.215813,0.220662,0.183333,0.6,1,-0.0946026,0,0,faq_rewrite
comp-06,0,0,0,0,0,,0,0,faq_rewrite
comp-07,0.0402605,0.048,0.05,0.2,1,0.072353,0,0,faq_rewrite
comp-08,0.438188,0.499318,0.386667,1,1,0.0950198,0,0,faq_rewrite
comp-09,0.333096,0.308948,0.283333,0.8,1,0.499695,0,0,faq_rewrite
comp-10,0,0,0,0,0,,0,0,faq_rewrite
info-01,0.260052,0.248936,0.24,0.6,1,0.0794675,0,0,faq_rewrite
info-02,0.627805,0.570256,0.593333,1,1,0.192944,0,0,faq_rewrite
info-03,0.125054,0.130293,0.113333,0.6,1,0.117742,0,0,faq_rewrite
info-04,0.306349,0.299636,0.273333,1,1,0.12403,0,0,faq_rewrite
info-05,0.128304,0.113802,0.0733333,0.4,1,0.120929,0,0,faq_rewrite
info-06,0.297171,0.302441,0.34,0.8,1,0.0707964,0,0,faq_rewrite
info-07,0,0,0,0,0,,0,0,faq_rewrite
info-08,0.390664,0.347759,0.286667,1,1,0.00900711,0,0,faq_rewrite
info-09,0.16517,0.160345,0.1,0.6,1,0.0854799,0,0,faq_rewrite
info-10,0.355424,0.371894,0.44,0.8,1,0.0265352,0,0,faq_rewrite
tran-01,0.107727,0.128268,0.09,0.4,1,-0.0294694,0,0,faq_rewrite
tran-02,0,0,0,0,0,,0,0,faq_rewrite
tran-03,0,0,0,0,0,,0,0,faq_rewrite
tran-04,0.442961,0.421973,0.383333,1,1,0.160782,0,0,faq_rewrite
tran-05,0,0,0,0,0,,0,0,faq_rewrite
tran-06,0.457195,0.481318,0.42,1,1,0.209486,0,0,faq_rewrite
tran-07,0,0,0,0,1,,0,0,faq_rewrite
tran-08,0.0590815,0.0851852,0.05,0.2,1,0.210233,0,0,faq_rewrite
tran-09,0,0,0,0,0,,0,0,faq_rewrite
tran-10,0.552481,0.570379,0.516667,1,1,0.0728541,0,0,faq_rewrite
trou-01,0.0563626,0.0696645,0.14,0.6,1,-0.282891,0,0,faq_rewrite
trou-02,0.102722,0.079798,0.106667,0.6,1,-0.358116,0,0,faq_rewrite
trou-03,0.167785,0.198562,0.173333,0.8,1,0.087151,0,0,faq_rewrite
trou-04,0.2462,0.292298,0.303333,0.8,1,0.0593722,0,0,faq_rewrite
trou-05,0.110212,0.151823,0.1,0.6,1,0.0648779,0,0,faq_rewrite
trou-06,0.0651559,0.0856955,0.0666667,0.4,1,0.199462,0,0,faq_rewrite
trou-07,0.544156,0.516709,0.51,1,1,-0.179011,0,0,faq_rewrite
trou-08,0.0845264,0.108824,0.1,0.2,1,-0.406494,0,0,faq_rewrite
trou-09,0.507138,0.499687,0.41,1,1,0.0969687,0,0,faq_rewrite
trou-10,0.465298,0.465717,0.426667,1,1,0.0412899,0,0,faq_rewrite
comp-01,0,0,0,0,0,,0,0,jsonld_insert
comp-02,0.139127,0.129751,0.13,0.6,1,0.138835,0,0,jsonld_insert
comp-03,0,0,0,0,0,,0,0,jsonld_insert
comp-04,0.374369,0.33941,0.213333,0.8,1,0.0377053,0,0,jsonld_insert
comp-05,0.3063,0.358529,0.306667,0.8,1,0.113061,0,0,jsonld_insert
comp-06,0,0,0,0,0,,0,0,jsonld_insert
comp-07,0,0,0,0,1,,0,0,jsonld_insert
comp-08,0.383859,0.413632,0.3,1,1,0.0987226,0,0,jsonld_insert
comp-09,0.274484,0.286981,0.23,0.8,1,0.164429,0,0,jsonld_insert
comp-10,0.0478706,0.0490566,0.0333333,0.2,1,0.164497,0,0,jsonld_insert
info-01,0.309157,0.29684,0.276667,0.8,1,0.087135,0,0,jsonld_insert
info-02,0.6595,0.63718,0.626667,1,1,0.223213,0,0,jsonld_insert
info-03,0.0773585,0.0943089,0.09,0.4,1,0.0787705,0,0,jsonld_insert
info-04,0.423482,0.404474,0.376667,1,1,0.0517851,0,0,jsonld_insert
info-05,0.069271,0.0490909,0.0333333,0.2,1,0.0246415,0,0,jsonld_insert
info-06,0.295558,0.295945,0.323333,1,1,0.0928793,0,0,jsonld_insert
info-07,0,0,0,0,0,,0,0,jsonld_insert
info-08,0.393006,0.341236,0.276667,0.8,1,-0.0700095,0,0,jsonld_insert
info-09,0.154044,0.162001,0.0833333,0.4,1,0.0762848,0,0,jsonld_insert
info-10,0.381235,0.395791,0.486667,1,1,0.00661418,0,0,jsonld_insert
tran-01,0.110324,0.132736,0.09,0.4,1,-0.0294694,0,0,jsonld_insert
tran-02,0,0,0,0,0,,0,0,jsonld_insert
tran-03,0,0,0,0,0,,0,0,jsonld_insert
tran-04,0.536255,0.53844,0.463333,1,1,0.130889,0,0,jsonld_insert
tran-05,0,0,0,0,0,,0,0,jsonld_insert
tran-06,0.179886,0.211364,0.19,0.8,1,0.103958,0,0,jsonld_insert
tran-07,0.0376954,0.0472222,0.0333333,0.2,1,0.0370641,0,0,jsonld_insert
tran-08,0.0590815,0.0851852,0.05,0.2,1,0.210233,0,0,jsonld_insert
tran-09,0,0,0,0,0,,0,0,jsonld_insert
tran-10,0.436357,0.440012,0.413333,0.8,1,0.0784568,0,0,jsonld_insert
trou-01,0.043365,0.0558683,0.113333,0.6,1,-0.12976,0,0,jsonld_insert
trou-02,0.174396,0.133786,0.14,0.6,1,0.00321148,0,0,jsonld_insert
trou-03,0.287558,0.312075,0.36,0.8,1,-0.0367881,0,0,jsonld_insert
trou-04,0.157844,0.183427,0.19,0.8,1,0.0780787,0,0,jsonld_insert
trou-05,0.165512,0.174699,0.123333,0.6,1,0.0574511,0,0,jsonld_insert
trou-06,0.0465449,0.0551724,0.0666667,0.2,1,0.17458,0,0,jsonld_insert
trou-07,0.582489,0.567431,0.533333,1,1,-0.0504126,0,0,jsonld_insert
trou-08,0.151963,0.180303,0.16,0.4,1,-0.310957,0,0,jsonld_insert
trou-09,0.293579,0.315495,0.31,0.8,1,0.0932205,0,0,jsonld_insert
trou-10,0.334845,0.394607,0.376667,1,1,0.0203602,0,0,jsonld_insert
comp-01,0,0,0,0,0,,0,0,internal_links
comp-02,0.139127,0.129751,0.13,0.6,1,0.138835,0,0,internal_links
comp-03,0,0,0,0,0,,0,0,internal_links
comp-04,0.374369,0.33941,0.213333,0.8,1,0.0377053,0,0,internal_links
comp-05,0.3063,0.358529,0.306667,0.8,1,0.113061,0,0,internal_links
comp-06,0,0,0,0,0,,0,0,internal_links
comp-07,0,0,0,0,1,,0,0,internal_links
comp-08,0.383859,0.413632,0.3,1,1,0.0987226,0,0,internal_links
comp-09,0.274484,0.286981,0.23,0.8,1,0.164429,0,0,internal_links
comp-10,0.0478706,0.0490566,0.0333333,0.2,1,0.164497,0,0,internal_links
info-01,0.309157,0.29684,0.276667,0.8,1,0.087135,0,0,internal_links
info-02,0.6595,0.63718,0.626667,1,1,0.223213,0,0,internal_links
info-03,0.0773585,0.0943089,0.09,0.4,1,0.0787705,0,0,internal_links
info-04,0.423482,0.404474,0.376667,1,1,0.0517851,0,0,internal_links
info-05,0.069271,0.0490909,0.0333333,0.2,1,0.0246415,0,0,internal_links
info-06,0.295558,0.295945,0.323333,1,1,0.0928793,0,0,internal_links
info-07,0,0,0,0,0,,0,0,internal_links
info-08,0.393006,0.341236,0.276667,0.8,1,-0.0700095,0,0,internal_links
info-09,0.154044,0.162001,0.0833333,0.4,1,0.0762848,0,0,internal_links
info-10,0.381235,0.395791,0.486667,1,1,0.00661418,0,0,internal_links
tran-01,0.110324,0.132736,0.09,0.4,1,-0.0294694,0,0,internal_links
tran-02,0,0,0,0,0,,0,0,internal_links
tran-03,0,0,0,0,0,,0,0,internal_links
tran-04,0.536255,0.53844,0.463333,1,1,0.130889,0,0,internal_links
tran-05,0,0,0,0,0,,0,0,internal_links
tran-06,0.179886,0.211364,0.19,0.8,1,0.103958,0,0,internal_links
tran-07,0.0376954,0.0472222,0.0333333,0.2,1,0.0370641,0,0,internal_links
tran-08,0.0590815,0.0851852,0.05,0.2,1,0.210233,0,0,internal_links
tran-09,0,0,0,0,0,,0,0,internal_links
tran-10,0.436357,0.440012,0.413333,0.8,1,0.0784568,0,0,internal_links
trou-01,0.043365,0.0558683,0.113333,0.6,1,-0.12976,0,0,internal_links
trou-02,0.174396,0.133786,0.14,0.6,1,0.00321148,0,0,internal_links
trou-03,0.287558,0.312075,0.36,0.8,1,-0.0367881,0,0,internal_links
trou-04,0.0556246,0.0383562,0.04,0.2,1,-0.143875,0,0,internal_links
trou-05,0.135317,0.128239,0.13,0.6,1,-0.166844,0,0,internal_links
trou-06,0.0465449,0.0551724,0.0666667,0.2,1,0.17458,0,0,internal_links
trou-07,0.582489,0.567431,0.533333,1,1,-0.0504126,0,0,internal_links
trou-08,0.151963,0.180303,0.16,0.4,1,-0.310957,0,0,internal_links
trou-09,0.293579,0.315495,0.31,0.8,1,0.0932205,0,0,internal_links
trou-10,0.197595,0.171938,0.19,0.6,1,0.145666,0,0,internal_links
comp-01,0,0,0,0,0,,0,0,stats_surface
comp-02,0,0,0,0,0,,0,0,stats_surface
comp-03,0,0,0,0,0,,0,0,stats_surface
comp-04,0.390712,0.389326,0.256667,0.8,1,0.085434,0,0,stats_surface
comp-05,0.124964,0.118669,0.1,0.4,1,-0.125189,0,0,stats_surface
comp-06,0,0,0,0,0,,0,0,stats_surface
comp-07,0,0,0,0,1,,0,0,stats_surface
comp-08,0.202698,0.237244,0.2,0.8,1,0.0598584,0,0,stats_surface
comp-09,0.199031,0.180322,0.14,0.4,1,0.156257,0,0,stats_surface
comp-10,0,0,0,0,0,,0,0,stats_surface
info-01,0.309157,0.29684,0.276667,0.8,1,0.087135,0,0,stats_surface
info-02,0.559495,0.531657,0.553333,1,1,0.196262,0,0,stats_surface
info-03,0.0658735,0.0543115,0.0666667,0.4,1,-0.0152385,0,0,stats_surface
info-04,0.457988,0.45318,0.436667,1,1,0.054073,0,0,stats_surface
info-05,0.108622,0.0733462,0.106667,0.6,1,0.0751562,0,0,stats_surface
info-06,0.256087,0.241572,0.273333,1,1,0.132233,0,0,stats_surface
info-07,0.255977,0.240404,0.213333,0.8,1,0.0384389,0,0,stats_surface
info-08,0.393891,0.360793,0.286667,0.8,1,-0.160158,0,0,stats_surface
info-09,0.0841173,0.080089,0.0666667,0.4,1,0.00159232,0,0,stats_surface
info-10,0.378847,0.41087,0.486667,1,1,-0.138421,0,0,stats_surface
tran-01,0.110324,0.132736,0.09,0.4,1,-0.0294694,0,0,stats_surface
tran-02,0,0,0,0,0,,0,0,stats_surface
tran-03,0,0,0,0,1,,0,0,stats_surface
tran-04,0.328549,0.308969,0.34,0.8,1,0.179723,0,0,stats_surface
tran-05,0,0,0,0,0,,0,0,stats_surface
tran-06,0.163757,0.165559,0.123333,0.6,1,0.15885,0,0,stats_surface
tran-07,0,0,0,0,1,,0,0,stats_surface
tran-08,0,0,0,0,0,,0,0,stats_surface
tran-09,0,0,0,0,0,,0,0,stats_surface
tran-10,0.562516,0.569778,0.483333,1,1,0.107996,0,0,stats_surface
trou-01,0.0476986,0.0640492,0.0733333,0.4,1,-0.295332,0,0,stats_surface
trou-02,0.212048,0.170108,0.19,0.6,1,-0.243572,0,0,stats_surface
trou-03,0.198483,0.231205,0.206667,0.8,1,0.0737604,0,0,stats_surface
trou-04,0.218216,0.27749,0.263333,0.8,1,0.320707,0,0,stats_surface
trou-05,0.0737875,0.0740032,0.0833333,0.4,1,-0.00194408,0,0,stats_surface
trou-06,0.0977959,0.112063,0.1,0.4,1,0.0385708,0,0,stats_surface
trou-07,0.599756,0.607653,0.616667,1,1,-0.0918852,0,0,stats_surface
trou-08,0.160361,0.193806,0.16,0.6,1,-0.211479,0,0,stats_surface
trou-09,0.27023,0.278133,0.3,1,1,0.00977001,0,0,stats_surface
trou-10,0.39319,0.397758,0.423333,1,1,0.125958,0,0,stats_surface
comp-01,0,0,0,0,0,,0,0,quote_surface
comp-02,0,0,0,0,1,,0,0,quote_surface
comp-03,0,0,0,0,0,,0,0,quote_surface
comp-04,0.327746,0.322067,0.27,0.8,1,0.0577443,0,0,quote_surface
comp-05,0.191323,0.193856,0.186667,0.6,1,-0.0806886,0,0,quote_surface
comp-06,0,0,0,0,0,,0,0,quote_surface
comp-07,0,0,0,0,1,,0,0,quote_surface
comp-08,0.383859,0.413632,0.3,1,1,0.0987226,0,0,quote_surface
comp-09,0.274484,0.286981,0.23,0.8,1,0.164429,0,0,quote_surface
comp-10,0.0478706,0.0490566,0.0333333,0.2,1,0.164497,0,0,quote_surface
info-01,0.246448,0.24708,0.28,0.8,1,0.110315,0,0,quote_surface
info-02,0.6595,0.63718,0.626667,1,1,0.223213,0,0,quote_surface
info-03,0.210506,0.225594,0.183333,0.8,1,0.101369,0,0,quote_surface
info-04,0.423482,0.404474,0.376667,1,1,0.0517851,0,0,quote_surface
info-05,0.0941004,0.0968614,0.09,0.4,1,0.00506464,0,0,quote_surface
info-06,0.312687,0.298416,0.3,0.8,1,0.0842129,0,0,quote_surface
info-07,0,0,0,0,0,,0,0,quote_surface
info-08,0.393006,0.341236,0.276667,0.8,1,-0.0700095,0,0,quote_surface
info-09,0.154044,0.162001,0.0833333,0.4,1,0.0762848,0,0,quote_surface
info-10,0.381235,0.395791,0.486667,1,1,0.00661418,0,0,quote_surface
tran-01,0.105092,0.0974638,0.1,0.6,1,0.0631159,0,0,quote_surface
tran-02,0,0,0,0,0,,0,0,quote_surface
tran-03,0,0,0,0,0,,0,0,quote_surface
tran-04,0.0240605,0.0202381,0.0333333,0.2,1,0.101323,0,0,quote_surface
tran-05,0,0,0,0,0,,0,0,quote_surface
tran-06,0.163757,0.165559,0.123333,0.6,1,0.15885,0,0,quote_surface
tran-07,0.0376954,0.0472222,0.0333333,0.2,1,0.0370641,0,0,quote_surface
tran-08,0.0590815,0.0851852,0.05,0.2,1,0.210233,0,0,quote_surface
tran-09,0,0,0,0,0,,0,0,quote_surface
tran-10,0.547126,0.586562,0.52,1,1,0.0656197,0,0,quote_surface
trou-01,0.043365,0.0558683,0.113333,0.6,1,-0.12976,0,0,quote_surface
trou-02,0.174396,0.133786,0.14,0.6,1,0.00321148,0,0,quote_surface
trou-03,0.287558,0.312075,0.36,0.8,1,-0.0367881,0,0,quote_surface
trou-04,0.157844,0.183427,0.19,0.8,1,0.0780787,0,0,quote_surface
trou-05,0.0371825,0.049505,0.0333333,0.2,1,-0.0294694,0,0,quote_surface
trou-06,0.122341,0.135928,0.146667,0.6,1,0.117608,0,0,quote_surface
trou-07,0.582489,0.567431,0.533333,1,1,-0.0504126,0,0,quote_surface
trou-08,0.151963,0.180303,0.16,0.4,1,-0.310957,0,0,quote_surface
trou-09,0.31705,0.329399,0.3,0.8,1,0.0316814,0,0,quote_surface
trou-10,0.197595,0.171938,0.19,0.6,1,0.145666,0,0,quote_surface
comp-01,0,0,0,0,0,,0,0,keyword_stuffing
comp-02,0.135079,0.122739,0.123333,0.6,1,0.138835,0,0,keyword_stuffing
comp-03,0,0,0,0,0,,0,0,keyword_stuffing
comp-04,0.391988,0.365984,0.223333,0.8,1,0.0754049,0,0,keyword_stuffing
comp-05,0.288902,0.294131,0.266667,0.8,1,0.0695488,0,0,keyword_stuffing
comp-06,0.0241704,0.0372549,0.04,0.2,1,0.261601,0,0,keyword_stuffing
comp-07,0,0,0,0,0,,0,0,keyword_stuffing
comp-08,0.34723,0.33108,0.256667,1,1,0.106562,0,0,keyword_stuffing
comp-09,0.287559,0.327041,0.273333,1,1,0.250219,0,0,keyword_stuffing
comp-10,0.0976473,0.108516,0.0666667,0.4,1,0.422955,0,0,keyword_stuffing
info-01,0.234633,0.218949,0.213333,0.6,1,0.0938392,0,0,keyword_stuffing
info-02,0.653916,0.650022,0.626667,1,1,0.235104,0,0,keyword_stuffing
info-03,0.0529988,0.0609756,0.05,0.2,1,0.199462,0,0,keyword_stuffing
info-04,0.448956,0.412139,0.336667,0.8,1,0.0590796,0,0,keyword_stuffing
info-05,0.069271,0.0490909,0.0333333,0.2,1,0.0246415,0,0,keyword_stuffing
info-06,0.318479,0.351126,0.353333,1,1,0.0556001,0,0,keyword_stuffing
info-07,0,0,0,0,0,,0,0,keyword_stuffing
info-08,0.422011,0.385684,0.283333,0.8,1,-0.157619,0,0,keyword_stuffing
info-09,0.163141,0.168376,0.0833333,0.4,1,0.0762848,0,0,keyword_stuffing
info-10,0.344446,0.371425,0.426667,1,1,-0.0626097,0,0,keyword_stuffing
tran-01,0.092203,0.0878049,0.0666667,0.2,1,0.0402417,0,0,keyword_stuffing
tran-02,0,0,0,0,0,,0,0,keyword_stuffing
tran-03,0,0,0,0,0,,0,0,keyword_stuffing
tran-04,0.634393,0.579265,0.486667,1,1,0.113834,0,0,keyword_stuffing
tran-05,0,0,0,0,0,,0,0,keyword_stuffing
tran-06,0.556227,0.576111,0.58,1,1,0.164717,0,0,keyword_stuffing
tran-07,0,0,0,0,0,,0,0,keyword_stuffing
tran-08,0.0590815,0.0851852,0.05,0.2,1,0.210233,0,0,keyword_stuffing
tran-09,0,0,0,0,0,,0,0,keyword_stuffing
tran-10,0.436357,0.440012,0.413333,0.8,1,0.0784568,0,0,keyword_stuffing
trou-01,0.110296,0.10464,0.163333,0.8,1,-0.489388,0,0,keyword_stuffing
trou-02,0.197563,0.166107,0.183333,0.6,1,-0.0278587,0,0,keyword_stuffing
trou-03,0.271911,0.262922,0.34,1,1,-0.106368,0,0,keyword_stuffing
trou-04,0.169961,0.190643,0.213333,0.8,1,0.0609135,0,0,keyword_stuffing
trou-05,0.165512,0.174699,0.123333,0.6,1,0.0574511,0,0,keyword_stuffing
trou-06,0.0955065,0.122589,0.1,0.6,1,0.189268,0,0,keyword_stuffing
trou-07,0.508201,0.510338,0.57,1,1,-0.0412575,0,0,keyword_stuffing
trou-08,0.134021,0.152279,0.113333,0.4,1,-0.337324,0,0,keyword_stuffing
trou-09,0.293579,0.315495,0.31,0.8,1,0.0932205,0,0,keyword_stuffing
trou-10,0.485275,0.50257,0.496667,1,1,0.0890409,0,0,keyword_stuffing
comp-01,0,0,0,0,0,,0,0,engine:reverse
comp-02,0.207258,0.213557,0.163333,0.8,1,0.0622612,0,0,engine:reverse
comp-03,0,0,0,0,0,,0,0,engine:reverse
comp-04,0.113397,0.125534,0.0833333,0.4,1,0.113656,0,0,engine:reverse
comp-05,0.43129,0.463601,0.363333,1,1,0.0945583,0,0,engine:reverse
comp-06,0,0,0,0,0,,0,0,engine:reverse
comp-07,0.290786,0.299664,0.276667,0.8,1,0.0355364,0,0,engine:reverse
comp-08,0.215247,0.212408,0.2,0.6,1,0.043706,0,0,engine:reverse
comp-09,0.64213,0.613218,0.59,1,1,0.0640959,0,0,engine:reverse
comp-10,0.109831,0.128678,0.0666667,0.4,1,0.210233,0,0,engine:reverse
info-01,0.426426,0.41141,0.413333,0.8,1,0.195028,0,0,engine:reverse
info-02,0.122718,0.123701,0.163333,0.8,1,0.0827555,0,0,engine:reverse
info-03,0.368555,0.338429,0.223333,1,1,0.132764,0,0,engine:reverse
info-04,0.665007,0.682552,0.646667,1,1,0.126564,0,0,engine:reverse
info-05,0.515088,0.500412,0.383333,1,1,0.111639,0,0,engine:reverse
info-06,0.80901,0.774101,0.76,1,1,0.0907316,0,0,engine:reverse
info-07,0,0,0,0,0,,0,0,engine:reverse
info-08,0.223365,0.195014,0.193333,0.6,1,0.0384642,0,0,engine:reverse
info-09,0.660471,0.680288,0.54,1,1,0.0623369,0,0,engine:reverse
info-10,0.748038,0.760021,0.726667,1,1,0.0822526,0,0,engine:reverse
tran-01,0.280413,0.271172,0.23,0.6,1,0.0546766,0,0,engine:reverse
tran-02,0,0,0,0,0,,0,0,engine:reverse
tran-03,0,0,0,0,0,,0,0,engine:reverse
tran-04,0.049858,0.05,0.0333333,0.2,1,0.0228703,0,0,engine:reverse
tran-05,0,0,0,0,0,,0,0,engine:reverse
tran-06,0.679568,0.695784,0.73,1,1,0.168153,0,0,engine:reverse
tran-07,0.0775048,0.0882888,0.0833333,0.4,1,0.0809931,0,0,engine:reverse
tran-08,0.351121,0.324548,0.22,0.8,1,0.0896345,0,0,engine:reverse
tran-09,0,0,0,0,0,,0,0,engine:reverse
tran-10,0.516032,0.516765,0.52,1,1,0.0750746,0,0,engine:reverse
trou-01,0.729532,0.711749,0.72,1,1,-0.0978874,0,0,engine:reverse
trou-02,0.360153,0.349922,0.36,0.8,1,-0.0538973,0,0,engine:reverse
trou-03,0.247503,0.247949,0.28,0.6,1,0.120789,0,0,engine:reverse
trou-04,0.477476,0.461463,0.45,0.8,1,0.0829302,0,0,engine:reverse
trou-05,0.210087,0.243827,0.193333,0.6,1,0.107932,0,0,engine:reverse
trou-06,0.491395,0.439445,0.3,0.8,1,0.0334352,0,0,engine:reverse
trou-07,0.345454,0.337139,0.366667,0.8,1,0.0214497,0,0,engine:reverse
trou-08,0.421221,0.396295,0.36,1,1,0.0869115,0,0,engine:reverse
trou-09,0.0873682,0.125128,0.08,0.4,1,0.0994254,0,0,engine:reverse
trou-10,0.583397,0.552257,0.48,1,1,-0.0149106,0,0,engine:reverse
