query_id,bias,has_faq,has_jsonld,meta_ok,log_words,links,base_retrieval,base_cite,base_pwc,i_informational,i_comparison,i_transactional,i_troubleshooting
info-01,1,0,0,0,0.678668,0,1,0.8,0.271545,1,0,0,0
info-02,1,0,0,0,0.703901,0,1,0,0,1,0,0,0
info-03,1,0,0,0,0.678668,0,1,0.6,0.322066,1,0,0,0
info-04,1,0,0,0,0.695085,0,1,0.8,0.51555,1,0,0,0
info-05,1,0,0,0,0.689682,0,1,1,0.596953,1,0,0,0
info-06,1,0,0,0,0.697937,0,1,0.6,0.405069,1,0,0,0
info-07,1,0,0,0,0.697466,0,1,0.4,0.166667,1,0,0,0
info-08,1,0,0,0,0.697937,0,1,0.8,0.653433,1,0,0,0
info-09,1,0,0,0,0.697466,0,1,1,0.603677,1,0,0,0
info-10,1,0,0,0,0.698873,0,1,0.6,0.48,1,0,0,0
info-11,1,0,0,0,0.696043,0,1,1,0.566667,1,0,0,0
info-12,1,0,0,0,0.697937,0,1,0.8,0.596155,1,0,0,0
info-13,1,0,0,0,0.70255,0,1,1,0.47207,1,0,0,0
info-14,1,0,0,0,0.700265,0,1,0,0,1,0,0,0
info-15,1,0,0,0,0.70255,0,1,0.2,0.1,1,0,0,0
info-16,1,0,0,0,0.696994,0,1,0.6,0.433333,1,0,0,0
info-17,1,0,0,0,0.692658,0,1,0.2,0.107092,1,0,0,0
info-18,1,0,0,0,0.697937,0,1,0.8,0.7,1,0,0,0
comp-01,1,0,0,0,0.701184,0,1,1,0.48015,0,1,0,0
comp-02,1,0,0,0,0.703901,0,1,0.6,0.233333,0,1,0,0
comp-03,1,0,0,0,0.678668,0,0,0,0,0,1,0,0
comp-04,1,0,0,0,0.695085,0,1,1,0.466667,0,1,0,0
comp-05,1,0,0,0,0.689682,0,1,1,0.5,0,1,0,0
comp-06,1,0,0,0,0.703453,0,1,0.8,0.5,0,1,0,0
comp-07,1,0,0,0,0.698873,0,1,1,0.6,0,1,0,0
comp-08,1,0,0,0,0.697937,0,1,0.2,0.1,0,1,0,0
comp-09,1,0,0,0,0.701184,0,1,0.6,0.374524,0,1,0,0
comp-10,1,0,0,0,0.698406,0,1,1,0.601877,0,1,0,0
comp-11,1,0,0,0,0.700265,0,1,1,0.536523,0,1,0,0
comp-12,1,0,0,0,0.684034,0,1,0.6,0.258524,0,1,0,0
comp-13,1,0,0,0,0.697937,0,1,1,0.510366,0,1,0,0
comp-14,1,0,0,0,0.697466,0,1,1,0.520296,0,1,0,0
comp-15,1,0,0,0,0.698873,0,1,0.8,0.733333,0,1,0,0
comp-16,1,0,0,0,0.697937,0,1,1,0.618877,0,1,0,0
comp-17,1,0,0,0,0.70255,0,1,0.8,0.384971,0,1,0,0
comp-18,1,0,0,0,0.696994,0,1,0.6,0.245449,0,1,0,0
tran-01,1,0,0,0,0.701184,0,0,0,0,0,0,1,0
tran-02,1,0,0,0,0.70255,0,0,0,0,0,0,1,0
tran-03,1,0,0,0,0.678668,0,1,1,0.49811,0,0,1,0
tran-04,1,0,0,0,0.696043,0,0,0,0,0,0,1,0
tran-05,1,0,0,0,0.689682,0,1,0.6,0.301338,0,0,1,0
tran-06,1,0,0,0,0.703453,0,1,1,0.832891,0,0,1,0
tran-07,1,0,0,0,0.698873,0,1,1,0.6667,0,0,1,0
tran-08,1,0,0,0,0.70255,0,0,0,0,0,0,1,0
tran-09,1,0,0,0,0.701184,0,1,0.8,0.615864,0,0,1,0
tran-10,1,0,0,0,0.698406,0,1,1,0.96286,0,0,1,0
tran-11,1,0,0,0,0.700265,0,1,1,0.59931,0,0,1,0
tran-12,1,0,0,0,0.684034,0,1,1,0.422357,0,0,1,0
tran-13,1,0,0,0,0.697466,0,1,1,0.490367,0,0,1,0
tran-14,1,0,0,0,0.696043,0,1,1,0.584199,0,0,1,0
tran-15,1,0,0,0,0.700265,0,1,0.6,0.366667,0,0,1,0
tran-16,1,0,0,0,0.70255,0,1,0.6,0.2,0,0,1,0
tran-17,1,0,0,0,0.70255,0,1,1,0.397144,0,0,1,0
tran-18,1,0,0,0,0.696043,0,1,0,0,0,0,1,0
trou-01,1,0,0,0,0.703453,0,1,0.6,0.493631,0,0,0,1
trou-02,1,0,0,0,0.698873,0,1,1,0.867124,0,0,0,1
trou-03,1,0,0,0,0.701184,0,1,1,0.868691,0,0,0,1
trou-04,1,0,0,0,0.698406,0,1,1,0.734119,0,0,0,1
trou-05,1,0,0,0,0.700265,0,1,1,0.8,0,0,0,1
trou-06,1,0,0,0,0.684034,0,1,1,0.665333,0,0,0,1
trou-07,1,0,0,0,0.697466,0,1,0.4,0.317667,0,0,0,1
trou-08,1,0,0,0,0.697937,0,1,1,0.7,0,0,0,1
trou-09,1,0,0,0,0.697466,0,1,0.6,0.269774,0,0,0,1
trou-10,1,0,0,0,0.698873,0,1,0.4,0.4,0,0,0,1
trou-11,1,0,0,0,0.696043,0,1,1,0.5173,0,0,0,1
trou-12,1,0,0,0,0.697937,0,1,0.2,0.0991907,0,0,0,1
trou-13,1,0,0,0,0.698873,0,1,0.8,0.574929,0,0,0,1
trou-14,1,0,0,0,0.700265,0,1,0.4,0.072043,0,0,0,1
trou-15,1,0,0,0,0.70255,0,1,0.8,0.621561,0,0,0,1
trou-16,1,0,0,0,0.696994,0,1,0.6,0.275612,0,0,0,1
trou-17,1,0,0,0,0.692658,0,1,1,0.746165,0,0,0,1
trou-18,1,0,0,0,0.697937,0,1,0.8,0.471309,0,0,0,1
