arm,kind,mode,family,primary,n_queries,n_units,unit,base_pwc_pct,d_pwc_pp,d_pwc_lo,d_pwc_hi,p_pwc,p,rel_pct,base_csov_pct,d_csov_pp,d_csov_lo,d_csov_hi,p_csov,base_mention_pct,d_mention_pp,d_mention_lo,d_mention_hi,p_mention,base_mention_share_pct,d_mention_share_pp,d_mention_share_lo,d_mention_share_hi,d_cite_rate_pp,d_retrieval_pp,d_pwc_given_retrieved_pp,d_pwc_given_cited_pp,d_sentiment,uncited_rate_pct,base_uncited_rate_pct,d_uncited_pp,unparsed_rate_pct,last_only_rate_pct,mentioned_not_cited_pct,hallucinated_per_answer,n_sources_changed,d_primary_sources_changed_pp,d_primary_sources_same_pp,new_calls,new_cost_usd,transform_scope,p_holm,p_mention_holm,significant,mention_significant
noop,doc,full,arms,c_share,72,24,page,42.4587,0,0,0,1,1,0,41.8908,0,0,0,1,59.1667,0,0,0,1,19.9048,0,0,0,0,0,0,0,0,20.2778,20.2778,0,0,40.8333,16.3889,0,0,,0,0,0,none,,,False,False
aa_resample,aa,full,arms,c_share,72,72,query,42.4587,0.718324,-3.37718,5.08674,0.446917,0.450231,1.69182,41.8908,0.225019,-3.7358,4.3951,0.450231,59.1667,-1.38889,-5.27778,2.5,0.284851,19.9048,0.448757,-1.07294,2.03352,0.555556,0,0.771931,-0.100356,0.00699273,18.0556,20.2778,-2.22222,0.277778,39.7222,16.1111,0,0,,0.225019,0,0,none,,,False,False
metadata,doc,full,arms,c_share,72,24,page,42.4587,-2.73009,-7.70277,2.68734,0.289667,0.344877,-6.42999,41.8908,-2.33052,-7.01273,2.57481,0.344877,59.1667,1.11111,-2.25352,4.05893,0.303156,19.9048,0.138273,-1.33308,1.52761,-3.05556,-1.38889,-2.93382,-1.88636,0.048884,23.0556,20.2778,2.77778,0,39.4444,19.1667,0,5,14.6359,-3.59667,335,0,crossfit-2,1,1,False,False
faq_rewrite,doc,full,arms,c_share,72,24,page,42.4587,-15.7319,-21.7964,-9.52933,0.000372767,0.000429869,-37.0524,41.8908,-15.3604,-21.3321,-9.2259,0.000429869,59.1667,-8.33333,-15.0788,-2.13263,0.00597966,19.9048,-3.02674,-5.28207,-0.964685,-21.9444,0,-16.906,-12.9802,-0.0302106,26.9444,20.2778,6.66667,0,40.2778,27.7778,0,10,-22.3563,-14.2321,340,0,crossfit-2,0.00257921,0.035878,True,True
jsonld_insert,doc,full,arms,c_share,72,24,page,42.4587,-2.63262,-6.32385,1.30637,0.17798,0.095096,-6.20043,41.8908,-3.21187,-6.3945,0.205068,0.095096,59.1667,4.44444,0,9.0411,0.376414,19.9048,1.1268,-1.18413,3.33211,-1.11111,1.38889,-3.12759,-1.46059,0.0288871,22.2222,20.2778,1.94444,0,39.1667,19.4444,0,1,20,-3.5388,340,0,none,0.380384,1,False,False
internal_links,doc,full,arms,c_share,72,24,page,42.4587,-5.28688,-9.91763,-0.54729,0.0248636,0.019442,-12.4518,41.8908,-5.21483,-9.54707,-0.674818,0.019442,59.1667,-2.5,-4.78873,1.44658e-16,0.028446,19.9048,0.0906223,-1.44639,1.58751,-4.72222,0,-5.68142,-4.88653,0.0345722,20.8333,20.2778,0.555556,0,43.0556,18.3333,0,0,,-5.21483,335,0,none,0.0972098,0.14223,False,False
stats_surface,doc,full,arms,c_share,72,24,page,42.4587,0.105106,-4.98476,5.41898,0.490799,0.520317,0.247549,41.8908,-0.516432,-5.39431,4.56003,0.520317,59.1667,1.38889,-2.54048,5.38462,0.907641,19.9048,-0.438671,-2.45915,1.47376,0.833333,-1.38889,0.0134474,-0.877113,0.0164246,16.9444,20.2778,-3.33333,0,42.5,15.5556,0,25,-0.82823,-0.350582,340,0,none,1,1,False,False
keyword_stuffing,doc,full,arms,c_share,72,24,page,42.4587,1.89887,-2.58883,6.79494,0.746926,0.623094,4.47228,41.8908,1.66534,-2.69883,6.36452,0.623094,59.1667,-1.11111,-4.30769,1.91781,0.554593,19.9048,-0.991709,-2.56893,0.480722,2.5,0,2.04057,1.14894,-0.00101094,17.5,20.2778,-2.77778,0.277778,42.5,13.3333,0,2,31.3535,0.817104,325,0,crossfit-2,1,1,False,False
content:metadata,doc,content,content,c_share,72,24,page,42.4587,-2.7375,-7.24945,1.77581,0.302899,0.330505,-6.44744,41.8908,-2.39533,-6.53102,1.76076,0.330505,59.1667,0,-3.28358,3.07738,0.85045,19.9048,-0.336264,-1.65464,0.983568,-1.94444,0,-2.94179,-1.65345,0.0559947,23.0556,20.2778,2.77778,0,39.4444,18.0556,0,0,,-2.39533,25,0,crossfit-2,0.991515,1,False,False
content:faq_rewrite,doc,content,content,c_share,72,24,page,42.4587,-15.666,-20.7304,-10.2486,0.00049448,0.00049448,-36.8971,41.8908,-15.252,-20.2759,-9.76585,0.00049448,59.1667,-7.77778,-14.4618,-1.79487,0.00711047,19.9048,-2.69605,-4.99508,-0.623004,-21.3889,0,-16.8351,-13.2551,-0.0203219,27.2222,20.2778,6.94444,0,41.9444,26.3889,0,0,,-15.252,45,0,crossfit-2,0.00296688,0.0426628,True,True
content:jsonld_insert,doc,content,content,c_share,72,24,page,42.4587,-2.9104,-6.61045,1.08087,0.159985,0.0787293,-6.85466,41.8908,-3.48965,-6.68793,0.0201668,0.0787293,59.1667,3.05556,-1.38889,7.73333,0.716972,19.9048,0.643996,-1.52621,2.72584,-1.66667,0,-3.12759,-2.19588,0.0288871,22.5,20.2778,2.22222,0,38.8889,18.6111,0,0,,-3.48965,0,0,none,0.314917,1,False,False
content:internal_links,doc,content,content,c_share,72,24,page,42.4587,-5.28688,-9.91763,-0.54729,0.0248636,0.019442,-12.4518,41.8908,-5.21483,-9.54707,-0.674818,0.019442,59.1667,-2.5,-4.78873,1.44658e-16,0.028446,19.9048,0.0906223,-1.44639,1.58751,-4.72222,0,-5.68142,-4.88653,0.0345722,20.8333,20.2778,0.555556,0,43.0556,18.3333,0,0,,-5.21483,0,0,none,0.0972098,0.14223,False,False
content:stats_surface,doc,content,content,c_share,72,24,page,42.4587,1.43988,-2.52015,5.64952,0.359626,0.473166,3.39126,41.8908,0.82745,-3.08378,4.9259,0.473166,59.1667,0.833333,-4,5.52632,1,19.9048,-0.696651,-2.77802,1.26981,2.5,0,1.54734,1.68693,0.0401784,18.0556,20.2778,-2.22222,0.277778,41.9444,15.8333,0,0,,0.82745,115,0,none,0.991515,1,False,False
content:keyword_stuffing,doc,content,content,c_share,72,24,page,42.4587,0.750148,-3.28549,5.16621,1,0.921809,1.76677,41.8908,0.601285,-3.38097,4.92253,0.921809,59.1667,-0.555556,-3.8806,2.4,0.784217,19.9048,-0.873323,-2.50086,0.602567,1.94444,0,0.80613,-0.0497273,-0.00440608,17.5,20.2778,-2.77778,0.277778,41.3889,13.3333,0,0,,0.601285,10,0,crossfit-2,0.991515,1,False,False
