query_id,imp_pwc,imp_word,c_share,cited,retrieved,answer_sentiment,uncited,n_hallucinated,imp_pwc_cited,arm
comp-01,0,0,0,0,0,,0,0,0,baseline
comp-02,0.75,0.75,0.75,1,1,0.165964,0,0,0.75,baseline
comp-03,0,0,0,0,0,,0,0,0,baseline
comp-04,0.75027,0.719178,0.75,1,1,0.459333,0,0,0.75027,baseline
comp-05,0.200666,0.2625,0.25,0.5,1,0.849013,0,0,0.200666,baseline
info-01,0.75,0.75,0.75,1,1,0.339225,0,0,0.75,baseline
info-02,0.166667,0.166667,0.166667,0.5,1,0.91092,0.5,0,0.333333,baseline
info-03,0,0,0,0,1,,0,0,0,baseline
info-04,0.402093,0.402065,0.5,1,1,-0.0725143,0,0,0.402093,baseline
info-05,0,0,0,0,1,,0,0,0,baseline
tran-01,0.142074,0.19403,0.166667,0.5,1,0.17555,0,0,0.142074,baseline
tran-02,0,0,0,0,0,,0,0,0,baseline
tran-03,0,0,0,0,0,,0,0,0,baseline
tran-04,0.374806,0.361142,0.458333,1,1,0.210409,0,0,0.374806,baseline
tran-05,0,0,0,0,0,,0,0,0,baseline
trou-01,0.185868,0.246991,0.2,1,1,0.218094,0,0,0.185868,baseline
trou-02,0,0,0,0,1,,0,0,0,baseline
trou-03,0.5,0.5,0.5,1,1,0.252491,0,0,0.5,baseline
trou-04,0.166817,0.136555,0.1875,0.5,1,0.0315996,0.5,0,0.333635,baseline
trou-05,0,0,0,0,1,,0,0,0,baseline
comp-01,0,0,0,0,0,,0,0,0,noop
comp-02,0.75,0.75,0.75,1,1,0.165964,0,0,0.75,noop
comp-03,0,0,0,0,0,,0,0,0,noop
comp-04,0.75027,0.719178,0.75,1,1,0.459333,0,0,0.75027,noop
comp-05,0.200666,0.2625,0.25,0.5,1,0.849013,0,0,0.200666,noop
info-01,0.75,0.75,0.75,1,1,0.339225,0,0,0.75,noop
info-02,0.166667,0.166667,0.166667,0.5,1,0.91092,0.5,0,0.333333,noop
info-03,0,0,0,0,1,,0,0,0,noop
info-04,0.402093,0.402065,0.5,1,1,-0.0725143,0,0,0.402093,noop
info-05,0,0,0,0,1,,0,0,0,noop
tran-01,0.142074,0.19403,0.166667,0.5,1,0.17555,0,0,0.142074,noop
tran-02,0,0,0,0,0,,0,0,0,noop
tran-03,0,0,0,0,0,,0,0,0,noop
tran-04,0.374806,0.361142,0.458333,1,1,0.210409,0,0,0.374806,noop
tran-05,0,0,0,0,0,,0,0,0,noop
trou-01,0.185868,0.246991,0.2,1,1,0.218094,0,0,0.185868,noop
trou-02,0,0,0,0,1,,0,0,0,noop
trou-03,0.5,0.5,0.5,1,1,0.252491,0,0,0.5,noop
trou-04,0.166817,0.136555,0.1875,0.5,1,0.0315996,0.5,0,0.333635,noop
trou-05,0,0,0,0,1,,0,0,0,noop
comp-01,0,0,0,0,0,,0,0,0,aa_resample
comp-02,0.166667,0.166667,0.166667,0.5,1,0.764845,0.5,0,0.333333,aa_resample
comp-03,0,0,0,0,0,,0,0,0,aa_resample
comp-04,0.860348,0.845238,0.833333,1,1,0.657431,0,0,0.860348,aa_resample
comp-05,0,0,0,0,1,,0,0,0,aa_resample
info-01,0.75,0.75,0.75,1,1,0.54689,0,0,0.75,aa_resample
info-02,0.311517,0.268519,0.25,0.5,1,0.624478,0.5,0,0.623034,aa_resample
info-03,0.0533281,0.0762195,0.1,0.5,1,0.19423,0,0,0.0533281,aa_resample
info-04,0.400682,0.445105,0.522727,1,1,0.0419292,0,0,0.400682,aa_resample
info-05,0,0,0,0,1,,0,0,0,aa_resample
tran-01,0.25,0.25,0.25,0.5,1,0.220283,0,0,0.25,aa_resample
tran-02,0,0,0,0,0,,0.5,0,0,aa_resample
tran-03,0,0,0,0,0,,0,0,0,aa_resample
tran-04,0.394863,0.394928,0.45,1,1,0.140767,0,0,0.394863,aa_resample
tran-05,0,0,0,0,0,,0,0,0,aa_resample
trou-01,0.324531,0.367387,0.365079,1,1,-0.171369,0,0,0.324531,aa_resample
trou-02,0.25,0.25,0.25,0.5,1,0.303872,0,0,0.25,aa_resample
trou-03,0.671145,0.638889,0.607143,1,1,0.149112,0,0,0.671145,aa_resample
trou-04,0.5,0.5,0.5,0.5,1,0.200105,0.5,0,1,aa_resample
trou-05,0,0,0,0,1,,0,0,0,aa_resample
comp-01,0,0,0,0,0,,0,0,0,metadata
comp-02,0.416667,0.416667,0.416667,1,1,0.074826,0,0,0.416667,metadata
comp-03,0,0,0,0,0,,0,0,0,metadata
comp-04,0.408508,0.371429,0.416667,1,1,0.240416,0,0,0.408508,metadata
comp-05,0.33033,0.333333,0.375,1,1,0.507434,0,0,0.33033,metadata
info-01,0.25,0.25,0.25,0.5,1,0.287407,0.5,0,0.5,metadata
info-02,0,0,0,0,1,,1,0,,metadata
info-03,0,0,0,0,1,,0,0,0,metadata
info-04,0.415947,0.455923,0.416667,1,1,0.500477,0,0,0.415947,metadata
info-05,0,0,0,0,1,,0,0,0,metadata
tran-01,0,0,0,0,1,,0,0,0,metadata
tran-02,0,0,0,0,0,,0,0,0,metadata
tran-03,0,0,0,0,0,,0,0,0,metadata
tran-04,0.660558,0.613636,0.583333,1,1,0.194283,0,0,0.660558,metadata
tran-05,0,0,0,0,0,,0,0,0,metadata
trou-01,0.259428,0.285156,0.214286,0.5,1,0.0642064,0,0,0.259428,metadata
trou-02,0.333333,0.333333,0.333333,1,1,-0.528538,0,0,0.333333,metadata
trou-03,0.666667,0.666667,0.666667,1,1,-0.365458,0,0,0.666667,metadata
trou-04,0,0,0,0,1,,1,0,,metadata
trou-05,0.5,0.5,0.5,0.5,1,0.0687322,0,0,0.5,metadata
comp-01,0,0,0,0,0,,0,0,0,faq_rewrite
comp-02,0.25,0.25,0.25,0.5,1,0.467821,0.5,0,0.5,faq_rewrite
comp-03,0,0,0,0,0,,0,0,0,faq_rewrite
comp-04,0.655098,0.617816,0.583333,1,1,0.49681,0,0,0.655098,faq_rewrite
comp-05,0.25,0.25,0.25,0.5,1,0.722906,0,0,0.25,faq_rewrite
info-01,0.5,0.5,0.5,0.5,1,0.440139,0.5,0,1,faq_rewrite
info-02,0.444745,0.442857,0.45,1,1,0.572537,0,0,0.444745,faq_rewrite
info-03,0.724408,0.682432,0.666667,1,1,0.123622,0,0,0.724408,faq_rewrite
info-04,0.40441,0.41195,0.416667,1,1,0.506668,0,0,0.40441,faq_rewrite
info-05,0,0,0,0,1,,0,0,0,faq_rewrite
tran-01,0.166667,0.166667,0.166667,0.5,1,0.0319068,0,0,0.166667,faq_rewrite
tran-02,0,0,0,0,0,,0,0,0,faq_rewrite
tran-03,0,0,0,0,0,,0,0,0,faq_rewrite
tran-04,0.0720544,0.05,0.0833333,0.5,1,0.276099,0,0,0.0720544,faq_rewrite
tran-05,0,0,0,0,0,,0,0,0,faq_rewrite
trou-01,0.10887,0.14881,0.125,0.5,1,-0.091113,0,0,0.10887,faq_rewrite
trou-02,0,0,0,0,1,,0,0,0,faq_rewrite
trou-03,0.624587,0.586538,0.625,1,1,-0.276142,0,0,0.624587,faq_rewrite
trou-04,0.36315,0.430122,0.366667,1,1,0.0881968,0,0,0.36315,faq_rewrite
trou-05,0,0,0,0,1,,0,0,0,faq_rewrite
comp-01,0,0,0,0,0,,0,0,0,jsonld_insert
comp-02,0,0,0,0,1,,1,0,,jsonld_insert
comp-03,0,0,0,0,0,,0,0,0,jsonld_insert
comp-04,1,1,1,1,1,0.547553,0,0,1,jsonld_insert
comp-05,0.284641,0.341667,0.333333,0.5,1,0.388379,0,0,0.284641,jsonld_insert
info-01,0.25,0.25,0.25,0.5,1,0.260523,0.5,0,0.5,jsonld_insert
info-02,0.416089,0.452899,0.416667,1,1,0.831915,0,0,0.416089,jsonld_insert
info-03,0.166667,0.166667,0.166667,0.5,1,0.117742,0,0,0.166667,jsonld_insert
info-04,0.154498,0.232759,0.25,0.5,1,0.0671845,0.5,0,0.308996,jsonld_insert
info-05,0,0,0,0,1,,0,0,0,jsonld_insert
tran-01,0,0,0,0,1,,0,0,0,jsonld_insert
tran-02,0,0,0,0,0,,0,0,0,jsonld_insert
tran-03,0,0,0,0,0,,0,0,0,jsonld_insert
tran-04,0.437624,0.442982,0.5,1,1,0.180044,0,0,0.437624,jsonld_insert
tran-05,0,0,0,0,0,,0,0,0,jsonld_insert
trou-01,0.160342,0.177083,0.166667,0.5,1,-0.285299,0,0,0.160342,jsonld_insert
trou-02,0.225031,0.232323,0.25,1,1,-0.507994,0,0,0.225031,jsonld_insert
trou-03,0.446309,0.445225,0.458333,1,1,0.103975,0,0,0.446309,jsonld_insert
trou-04,0.100244,0.139344,0.166667,0.5,1,-0.143229,0.5,0,0.200488,jsonld_insert
trou-05,0,0,0,0,1,,0,0,0,jsonld_insert
comp-01,0,0,0,0,0,,0,0,0,internal_links
comp-02,0.5,0.5,0.5,0.5,1,-0.34938,0.5,0,1,internal_links
comp-03,0,0,0,0,0,,0,0,0,internal_links
comp-04,0.75,0.75,0.75,1,1,0.370473,0,0,0.75,internal_links
comp-05,0.0756222,0.0645161,0.125,0.5,1,0.876638,0,0,0.0756222,internal_links
info-01,0.5,0.5,0.5,0.5,1,0.259064,0.5,0,1,internal_links
info-02,0.5,0.5,0.5,1,1,0.410115,0,0,0.5,internal_links
info-03,0.134131,0.184211,0.166667,0.5,1,0.0524033,0,0,0.134131,internal_links
info-04,0.396737,0.460938,0.416667,1,1,0.109627,0,0,0.396737,internal_links
info-05,0,0,0,0,1,,0,0,0,internal_links
tran-01,0.16478,0.168239,0.1875,0.5,1,0.148192,0,0,0.16478,internal_links
tran-02,0,0,0,0,0,,0,0,0,internal_links
tran-03,0,0,0,0,0,,0,0,0,internal_links
tran-04,0.5,0.5,0.5,1,1,0.85494,0,0,0.5,internal_links
tran-05,0,0,0,0,0,,0,0,0,internal_links
trou-01,0.250772,0.325421,0.298611,1,1,0.0930273,0,0,0.250772,internal_links
trou-02,0.078019,0.111111,0.1,0.5,1,0.101532,0.5,0,0.156038,internal_links
trou-03,0.75,0.75,0.75,1,1,-0.00219463,0,0,0.75,internal_links
trou-04,0.0597905,0.0782828,0.0833333,0.5,1,0.905869,0.5,0,0.119581,internal_links
trou-05,0,0,0,0,1,,0,0,0,internal_links
comp-01,0,0,0,0,0,,0,0,0,stats_surface
comp-02,0,0,0,0,0,,1,0,,stats_surface
comp-03,0,0,0,0,0,,0,0,0,stats_surface
comp-04,0.75,0.75,0.75,1,1,0.737939,0,0,0.75,stats_surface
comp-05,0.452121,0.422086,0.433333,1,1,0.727793,0,0,0.452121,stats_surface
info-01,0.590172,0.543333,0.583333,1,1,0.415932,0,0,0.590172,stats_surface
info-02,0.25,0.25,0.25,0.5,1,0.6716,0,0,0.25,stats_surface
info-03,0.0566283,0.0805369,0.0625,0.5,1,0.295904,0,0,0.0566283,stats_surface
info-04,0.31394,0.414687,0.5,1,1,0.198607,0,0,0.31394,stats_surface
info-05,0.150457,0.207547,0.25,0.5,1,0.850258,0,0,0.150457,stats_surface
tran-01,0.245012,0.257143,0.266667,1,1,0.37506,0,0,0.245012,stats_surface
tran-02,0,0,0,0,0,,0,0,0,stats_surface
tran-03,0,0,0,0,1,,0,0,0,stats_surface
tran-04,0.686777,0.687224,0.7,1,1,0.230607,0,0,0.686777,stats_surface
tran-05,0,0,0,0,0,,0,0,0,stats_surface
trou-01,0.213003,0.297569,0.266667,1,1,0.340082,0,0,0.213003,stats_surface
trou-02,0.211968,0.229853,0.25,1,1,-0.121505,0,0,0.211968,stats_surface
trou-03,0.25,0.25,0.25,0.5,1,-0.101687,0.5,0,0.5,stats_surface
trou-04,0.275818,0.26875,0.25,0.5,1,0.0317163,0.5,0,0.551635,stats_surface
trou-05,0,0,0,0,1,,0,0,0,stats_surface
comp-01,0,0,0,0,0,,0,0,0,keyword_stuffing
comp-02,0.25,0.25,0.25,0.5,1,0.395714,0.5,0,0.5,keyword_stuffing
comp-03,0,0,0,0,0,,0,0,0,keyword_stuffing
comp-04,0.5,0.5,0.5,1,1,0.849023,0,0,0.5,keyword_stuffing
comp-05,0.641701,0.647849,0.666667,1,1,0.0599613,0,0,0.641701,keyword_stuffing
info-01,0.75,0.75,0.75,1,1,0.398321,0,0,0.75,keyword_stuffing
info-02,0.166667,0.166667,0.166667,0.5,1,0.648239,0.5,0,0.333333,keyword_stuffing
info-03,0.0848519,0.126126,0.1,0.5,1,0.0738457,0,0,0.0848519,keyword_stuffing
info-04,0.326686,0.394531,0.410714,1,1,0.10393,0,0,0.326686,keyword_stuffing
info-05,0,0,0,0,1,,0,0,0,keyword_stuffing
tran-01,0.0923661,0.115079,0.125,0.5,1,0.452639,0,0,0.0923661,keyword_stuffing
tran-02,0,0,0,0,0,,0,0,0,keyword_stuffing
tran-03,0,0,0,0,0,,0,0,0,keyword_stuffing
tran-04,0.4917,0.459677,0.45,1,1,0.656112,0,0,0.4917,keyword_stuffing
tran-05,0,0,0,0,0,,0,0,0,keyword_stuffing
trou-01,0.316984,0.358453,0.354167,1,1,-0.104139,0,0,0.316984,keyword_stuffing
trou-02,0.230283,0.255708,0.291667,1,1,0.127312,0,0,0.230283,keyword_stuffing
trou-03,0.75,0.75,0.75,1,1,0.0819785,0,0,0.75,keyword_stuffing
trou-04,0,0,0,0,1,,1,0,,keyword_stuffing
trou-05,0,0,0,0,1,,0,0,0,keyword_stuffing
comp-01,0,0,0,0,0,,0,0,0,engine:reverse
comp-02,0.381235,0.359091,0.366667,1,1,0.22901,0,0,0.381235,engine:reverse
comp-03,0,0,0,0,0,,0,0,0,engine:reverse
comp-04,0,0,0,0,1,,0,0,0,engine:reverse
comp-05,1,1,1,1,1,0.261094,0,0,1,engine:reverse
info-01,0.211229,0.294068,0.333333,1,1,0.0950624,0,0,0.211229,engine:reverse
info-02,0.5,0.5,0.5,1,1,-0.289704,0,0,0.5,engine:reverse
info-03,0,0,0,0,1,,0,0,0,engine:reverse
info-04,0,0,0,0,1,,0,0,0,engine:reverse
info-05,1,1,1,1,1,0.487843,0,0,1,engine:reverse
tran-01,0.75,0.75,0.75,1,1,0.225498,0,0,0.75,engine:reverse
tran-02,0,0,0,0,0,,0,0,0,engine:reverse
tran-03,0,0,0,0,0,,0,0,0,engine:reverse
tran-04,0.25,0.25,0.25,0.5,1,0.838202,0,0,0.25,engine:reverse
tran-05,0,0,0,0,0,,0,0,0,engine:reverse
trou-01,0,0,0,0,1,,0,0,0,engine:reverse
trou-02,0.25,0.25,0.25,0.5,1,-0.754982,0,0,0.25,engine:reverse
trou-03,0.315363,0.3125,0.35,1,1,0.0299675,0,0,0.315363,engine:reverse
trou-04,0.75,0.75,0.75,1,1,0.401124,0,0,0.75,engine:reverse
trou-05,0.0687181,0.0787037,0.125,0.5,1,0.121953,0,0,0.0687181,engine:reverse
