policy,t,cum_regret,lo,hi
linucb(a=0.1),1,0.0688727,0.0158558,0.12189
linucb(a=0.1),10,0.80241,0.640213,0.964607
linucb(a=0.1),20,1.59432,1.30654,1.88209
linucb(a=0.1),30,2.34418,2.051,2.63737
linucb(a=0.1),40,3.1697,2.83486,3.50455
linucb(a=0.1),50,3.88613,3.53764,4.23463
linucb(a=0.1),60,4.63745,4.23251,5.04238
linucb(a=0.1),70,5.38298,4.96363,5.80234
linucb(a=0.1),80,6.08194,5.6557,6.50818
linucb(a=0.1),90,6.73649,6.33468,7.1383
linucb(a=0.1),100,7.35422,6.91959,7.78884
linucb(a=0.1),110,8.09374,7.63204,8.55545
linucb(a=0.1),120,8.8574,8.34484,9.36997
linucb(a=0.1),130,9.44484,8.91641,9.97326
linucb(a=0.1),140,10.0437,9.50516,10.5822
linucb(a=0.1),150,10.7172,10.1454,11.289
linucb(a=0.1),160,11.2638,10.6523,11.8752
linucb(a=0.1),170,11.9362,11.3007,12.5716
linucb(a=0.1),180,12.6761,12.0268,13.3254
linucb(a=0.1),190,13.3148,12.649,13.9806
linucb(a=0.1),200,13.9494,13.3066,14.5922
linucb(a=0.1),210,14.5734,13.9375,15.2093
linucb(a=0.1),220,15.197,14.5571,15.8369
linucb(a=0.1),230,15.861,15.2245,16.4975
linucb(a=0.1),240,16.4887,15.8419,17.1356
linucb(a=0.1),250,17.2065,16.5572,17.8558
linucb(a=0.1),260,17.8226,17.1677,18.4776
linucb(a=0.1),270,18.4722,17.8547,19.0896
linucb(a=0.1),280,19.1631,18.5182,19.808
linucb(a=0.1),290,19.7423,19.09,20.3947
linucb(a=0.1),300,20.4341,19.75,21.1181
linucb(a=0.1),310,21.0953,20.3689,21.8216
linucb(a=0.1),320,21.7651,21.0257,22.5045
linucb(a=0.1),330,22.4448,21.7075,23.1821
linucb(a=0.1),340,23.1235,22.3803,23.8666
linucb(a=0.1),350,23.7877,23.0353,24.54
linucb(a=0.1),360,24.4464,23.6925,25.2002
linucb(a=0.1),370,25.1266,24.3747,25.8786
linucb(a=0.1),380,25.7786,25.0459,26.5112
linucb(a=0.1),390,26.4641,25.7182,27.21
linucb(a=0.1),400,27.0269,26.3017,27.7521
linucb(a=0.1),410,27.7668,27.0539,28.4798
linucb(a=0.1),420,28.3882,27.6337,29.1428
linucb(a=0.1),430,28.9898,28.2727,29.7069
linucb(a=0.1),440,29.6746,28.9175,30.4317
linucb(a=0.1),450,30.2947,29.5195,31.0699
linucb(a=0.1),460,30.9377,30.1457,31.7297
linucb(a=0.1),470,31.49,30.7162,32.2637
linucb(a=0.1),480,32.0323,31.2438,32.8207
linucb(a=0.1),490,32.666,31.9177,33.4143
linucb(a=0.1),500,33.3313,32.5988,34.0638
linucb(a=0.1),510,33.9892,33.2555,34.723
linucb(a=0.1),520,34.5096,33.7566,35.2625
linucb(a=0.1),530,35.0932,34.3148,35.8715
linucb(a=0.1),540,35.6535,34.8537,36.4532
linucb(a=0.1),550,36.2728,35.4772,37.0683
linucb(a=0.1),560,36.8331,36.0037,37.6626
linucb(a=0.1),570,37.5445,36.6719,38.4171
linucb(a=0.1),580,38.2282,37.3202,39.1362
linucb(a=0.1),590,38.934,38.0434,39.8247
linucb(a=0.1),600,39.4991,38.6117,40.3865
linucb(a=0.1),610,40.0824,39.2169,40.9479
linucb(a=0.1),620,40.6756,39.8791,41.4721
linucb(a=0.1),630,41.2087,40.396,42.0215
linucb(a=0.1),640,41.7606,40.9571,42.564
linucb(a=0.1),650,42.4781,41.6748,43.2813
linucb(a=0.1),660,43.1011,42.2774,43.9248
linucb(a=0.1),670,43.6677,42.8232,44.5121
linucb(a=0.1),680,44.3163,43.4768,45.1559
linucb(a=0.1),690,44.9377,44.0864,45.7891
linucb(a=0.1),700,45.6146,44.7132,46.5159
linucb(a=0.1),710,46.2063,45.3255,47.0871
linucb(a=0.1),720,46.6947,45.8197,47.5697
linucb(a=0.1),730,47.2267,46.3522,48.1012
linucb(a=0.1),740,47.837,46.9572,48.7169
linucb(a=0.1),750,48.4496,47.5999,49.2992
linucb(a=0.1),760,49.11,48.2467,49.9733
linucb(a=0.1),770,49.7193,48.8585,50.58
linucb(a=0.1),780,50.3078,49.3798,51.2358
linucb(a=0.1),790,50.9626,50.0152,51.91
linucb(a=0.1),800,51.5498,50.564,52.5356
linucb(a=0.1),810,52.1806,51.2094,53.1519
linucb(a=0.1),820,52.7436,51.8006,53.6865
linucb(a=0.1),830,53.416,52.4338,54.3983
linucb(a=0.1),840,54.0659,53.1075,55.0243
linucb(a=0.1),850,54.7155,53.7776,55.6534
linucb(a=0.1),860,55.2869,54.3649,56.209
linucb(a=0.1),870,55.8783,54.954,56.8026
linucb(a=0.1),880,56.3995,55.4427,57.3563
linucb(a=0.1),890,57.0001,56.059,57.9413
linucb(a=0.1),900,57.6306,56.6822,58.5791
linucb(a=0.1),910,58.3172,57.3558,59.2786
linucb(a=0.1),920,58.9258,57.9067,59.9448
linucb(a=0.1),930,59.4404,58.3814,60.4994
linucb(a=0.1),940,60.0654,58.9655,61.1653
linucb(a=0.1),950,60.6688,59.5248,61.8127
linucb(a=0.1),960,61.2714,60.0775,62.4653
linucb(a=0.1),970,61.8784,60.7134,63.0435
linucb(a=0.1),980,62.575,61.4059,63.7441
linucb(a=0.1),990,63.1907,62.0105,64.371
linucb(a=0.1),1000,63.8501,62.6907,65.0095
linucb(a=0.1),1010,64.4594,63.2848,65.6339
linucb(a=0.1),1020,65.088,63.8793,66.2966
linucb(a=0.1),1030,65.6171,64.3781,66.856
linucb(a=0.1),1040,66.2132,64.984,67.4423
linucb(a=0.1),1050,66.8044,65.5177,68.0911
linucb(a=0.1),1060,67.3954,66.1365,68.6542
linucb(a=0.1),1070,67.9376,66.6758,69.1995
linucb(a=0.1),1080,68.5385,67.2435,69.8336
linucb(a=0.1),1090,69.1766,67.8598,70.4934
linucb(a=0.1),1100,69.7479,68.4169,71.0788
linucb(a=0.1),1110,70.2806,68.9136,71.6475
linucb(a=0.1),1120,70.9312,69.5081,72.3543
linucb(a=0.1),1130,71.6333,70.1758,73.0908
linucb(a=0.1),1140,72.2856,70.7904,73.7808
linucb(a=0.1),1150,72.8715,71.3009,74.442
linucb(a=0.1),1160,73.4431,71.8653,75.0209
linucb(a=0.1),1170,73.983,72.3754,75.5905
linucb(a=0.1),1180,74.5958,72.9733,76.2182
linucb(a=0.1),1190,75.1309,73.5063,76.7554
linucb(a=0.1),1200,75.7327,74.1284,77.3371
linucb(a=0.1),1210,76.3692,74.7214,78.017
linucb(a=0.1),1220,77.0282,75.3492,78.7073
linucb(a=0.1),1230,77.761,76.0844,79.4377
linucb(a=0.1),1240,78.342,76.611,80.0729
linucb(a=0.1),1250,78.9678,77.2044,80.7311
linucb(a=0.1),1260,79.6068,77.8036,81.4099
linucb(a=0.1),1270,80.2433,78.4256,82.0611
linucb(a=0.1),1280,80.9614,79.079,82.8438
linucb(a=0.1),1290,81.5426,79.6288,83.4564
linucb(a=0.1),1300,82.1301,80.2125,84.0477
linucb(a=0.1),1310,82.6649,80.7492,84.5807
linucb(a=0.1),1320,83.2923,81.3403,85.2443
linucb(a=0.1),1330,83.8325,81.8598,85.8052
linucb(a=0.1),1340,84.5407,82.4998,86.5817
linucb(a=0.1),1350,85.2621,83.151,87.3733
linucb(a=0.1),1360,85.8516,83.7482,87.9549
linucb(a=0.1),1370,86.4997,84.4156,88.5839
linucb(a=0.1),1380,87.0387,84.9484,89.129
linucb(a=0.1),1390,87.7394,85.6419,89.8369
linucb(a=0.1),1400,88.3637,86.2089,90.5184
linucb(a=0.1),1410,88.8513,86.6747,91.0279
linucb(a=0.1),1420,89.3626,87.1759,91.5494
linucb(a=0.1),1430,90.0127,87.8055,92.22
linucb(a=0.1),1440,90.6812,88.4673,92.8951
linucb(a=0.1),1450,91.3483,89.13,93.5667
linucb(a=0.1),1460,91.9411,89.7182,94.1641
linucb(a=0.1),1470,92.6125,90.3551,94.8699
linucb(a=0.1),1480,93.2605,90.993,95.528
linucb(a=0.1),1490,93.9465,91.6933,96.1998
linucb(a=0.1),1500,94.5708,92.3334,96.8081
linucb(a=0.1),1510,95.0708,92.8108,97.3308
linucb(a=0.1),1520,95.6748,93.4189,97.9308
linucb(a=0.1),1530,96.1702,93.943,98.3973
linucb(a=0.1),1540,96.7863,94.5228,99.0498
linucb(a=0.1),1550,97.3424,95.0138,99.671
linucb(a=0.1),1560,98.0322,95.6949,100.37
linucb(a=0.1),1570,98.5592,96.2282,100.89
linucb(a=0.1),1580,99.2095,96.8559,101.563
linucb(a=0.1),1590,99.7642,97.4222,102.106
linucb(a=0.1),1600,100.349,98.04,102.658
linucb(a=0.1),1610,100.922,98.6013,103.243
linucb(a=0.1),1620,101.511,99.097,103.925
linucb(a=0.1),1630,102.062,99.6501,104.474
linucb(a=0.1),1640,102.683,100.296,105.07
linucb(a=0.1),1650,103.277,100.855,105.7
linucb(a=0.1),1660,103.882,101.435,106.33
linucb(a=0.1),1670,104.511,102.041,106.981
linucb(a=0.1),1680,105.124,102.644,107.603
linucb(a=0.1),1690,105.717,103.208,108.227
linucb(a=0.1),1700,106.267,103.749,108.786
linucb(a=0.1),1710,106.859,104.316,109.401
linucb(a=0.1),1720,107.501,104.954,110.048
linucb(a=0.1),1730,108.11,105.556,110.664
linucb(a=0.1),1740,108.706,106.134,111.279
linucb(a=0.1),1750,109.305,106.694,111.915
linucb(a=0.1),1760,109.855,107.286,112.424
linucb(a=0.1),1770,110.444,107.851,113.038
linucb(a=0.1),1780,111.059,108.489,113.629
linucb(a=0.1),1790,111.643,109.055,114.231
linucb(a=0.1),1800,112.234,109.618,114.851
linucb(a=0.1),1810,112.806,110.167,115.446
linucb(a=0.1),1820,113.391,110.776,116.006
linucb(a=0.1),1830,114.013,111.357,116.67
linucb(a=0.1),1840,114.612,111.939,117.285
linucb(a=0.1),1850,115.275,112.636,117.914
linucb(a=0.1),1860,115.816,113.181,118.452
linucb(a=0.1),1870,116.347,113.733,118.961
linucb(a=0.1),1880,116.89,114.297,119.484
linucb(a=0.1),1890,117.51,114.942,120.078
linucb(a=0.1),1900,117.98,115.404,120.557
linucb(a=0.1),1910,118.628,116.053,121.203
linucb(a=0.1),1920,119.181,116.578,121.783
linucb(a=0.1),1930,119.684,117.062,122.305
linucb(a=0.1),1940,120.244,117.593,122.896
linucb(a=0.1),1950,120.942,118.246,123.638
linucb(a=0.1),1960,121.565,118.887,124.244
linucb(a=0.1),1970,122.129,119.424,124.834
linucb(a=0.1),1980,122.742,120.009,125.476
linucb(a=0.1),1990,123.449,120.732,126.165
linucb(a=0.1),2000,124.028,121.322,126.734
linucb(a=0.5),1,0.0688727,0.0158558,0.12189
linucb(a=0.5),10,0.862065,0.705783,1.01835
linucb(a=0.5),20,1.75705,1.5302,1.9839
linucb(a=0.5),30,2.68373,2.42871,2.93875
linucb(a=0.5),40,3.5359,3.26401,3.80779
linucb(a=0.5),50,4.29957,4.03429,4.56486
linucb(a=0.5),60,5.20716,4.88574,5.52859
linucb(a=0.5),70,6.05516,5.72579,6.38452
linucb(a=0.5),80,6.9179,6.53636,7.29944
linucb(a=0.5),90,7.67965,7.28624,8.07307
linucb(a=0.5),100,8.61734,8.15723,9.07745
linucb(a=0.5),110,9.41799,8.87426,9.96172
linucb(a=0.5),120,10.3077,9.74488,10.8705
linucb(a=0.5),130,11.1224,10.4988,11.746
linucb(a=0.5),140,11.8182,11.1609,12.4754
linucb(a=0.5),150,12.5447,11.8721,13.2174
linucb(a=0.5),160,13.2768,12.508,14.0456
linucb(a=0.5),170,13.9502,13.163,14.7373
linucb(a=0.5),180,14.7646,13.9304,15.5987
linucb(a=0.5),190,15.5792,14.7283,16.4301
linucb(a=0.5),200,16.2978,15.4861,17.1095
linucb(a=0.5),210,17.0243,16.2214,17.8272
linucb(a=0.5),220,17.6557,16.9052,18.4062
linucb(a=0.5),230,18.4656,17.7332,19.1979
linucb(a=0.5),240,19.3085,18.5508,20.0662
linucb(a=0.5),250,19.9908,19.2512,20.7303
linucb(a=0.5),260,20.7423,20.0472,21.4375
linucb(a=0.5),270,21.437,20.732,22.142
linucb(a=0.5),280,22.0352,21.3136,22.7567
linucb(a=0.5),290,22.6848,21.942,23.4277
linucb(a=0.5),300,23.4924,22.7909,24.1939
linucb(a=0.5),310,24.1376,23.424,24.8512
linucb(a=0.5),320,24.9414,24.1913,25.6915
linucb(a=0.5),330,25.6842,24.9564,26.4119
linucb(a=0.5),340,26.3633,25.6535,27.0731
linucb(a=0.5),350,27.0688,26.3289,27.8087
linucb(a=0.5),360,27.764,27.0351,28.4928
linucb(a=0.5),370,28.5123,27.8036,29.2211
linucb(a=0.5),380,29.1797,28.4432,29.9161
linucb(a=0.5),390,29.8522,29.1236,30.5808
linucb(a=0.5),400,30.5425,29.7819,31.303
linucb(a=0.5),410,31.2885,30.5303,32.0466
linucb(a=0.5),420,31.9903,31.2054,32.7751
linucb(a=0.5),430,32.6672,31.8923,33.4421
linucb(a=0.5),440,33.3872,32.5955,34.1788
linucb(a=0.5),450,34.1193,33.2982,34.9404
linucb(a=0.5),460,34.8329,34.0141,35.6517
linucb(a=0.5),470,35.5374,34.7047,36.3701
linucb(a=0.5),480,36.2357,35.3566,37.1147
linucb(a=0.5),490,37.0435,36.125,37.9619
linucb(a=0.5),500,37.6938,36.8061,38.5814
linucb(a=0.5),510,38.3843,37.4453,39.3233
linucb(a=0.5),520,38.974,38.0126,39.9355
linucb(a=0.5),530,39.6749,38.7067,40.643
linucb(a=0.5),540,40.2984,39.3279,41.2688
linucb(a=0.5),550,41.0093,40.0572,41.9615
linucb(a=0.5),560,41.5776,40.6067,42.5486
linucb(a=0.5),570,42.2779,41.3497,43.2061
linucb(a=0.5),580,42.9386,41.9955,43.8818
linucb(a=0.5),590,43.666,42.6858,44.6461
linucb(a=0.5),600,44.3269,43.3196,45.3342
linucb(a=0.5),610,44.9532,43.9105,45.9959
linucb(a=0.5),620,45.6574,44.5945,46.7203
linucb(a=0.5),630,46.3552,45.3054,47.405
linucb(a=0.5),640,46.9066,45.8657,47.9475
linucb(a=0.5),650,47.7006,46.6532,48.748
linucb(a=0.5),660,48.327,47.2737,49.3804
linucb(a=0.5),670,48.9981,47.903,50.0931
linucb(a=0.5),680,49.6224,48.5513,50.6935
linucb(a=0.5),690,50.3513,49.2315,51.4711
linucb(a=0.5),700,51.0747,49.9792,52.1702
linucb(a=0.5),710,51.7614,50.6629,52.8598
linucb(a=0.5),720,52.269,51.1686,53.3695
linucb(a=0.5),730,52.8738,51.781,53.9667
linucb(a=0.5),740,53.6249,52.57,54.6798
linucb(a=0.5),750,54.185,53.0952,55.2747
linucb(a=0.5),760,54.9103,53.8058,56.0148
linucb(a=0.5),770,55.5532,54.4428,56.6636
linucb(a=0.5),780,56.2201,55.1221,57.3182
linucb(a=0.5),790,56.9132,55.8273,57.999
linucb(a=0.5),800,57.5549,56.4303,58.6795
linucb(a=0.5),810,58.2653,57.1802,59.3504
linucb(a=0.5),820,58.8642,57.8133,59.9152
linucb(a=0.5),830,59.5212,58.4625,60.5799
linucb(a=0.5),840,60.1847,59.1394,61.2301
linucb(a=0.5),850,60.9113,59.8492,61.9734
linucb(a=0.5),860,61.555,60.4621,62.6478
linucb(a=0.5),870,62.0736,60.9734,63.1739
linucb(a=0.5),880,62.7196,61.5997,63.8395
linucb(a=0.5),890,63.3241,62.2405,64.4077
linucb(a=0.5),900,64.0113,62.9311,65.0915
linucb(a=0.5),910,64.7633,63.7369,65.7896
linucb(a=0.5),920,65.5412,64.4841,66.5983
linucb(a=0.5),930,66.0808,65.0215,67.1401
linucb(a=0.5),940,66.7116,65.656,67.7673
linucb(a=0.5),950,67.4045,66.3711,68.4378
linucb(a=0.5),960,68.0627,66.9857,69.1398
linucb(a=0.5),970,68.6665,67.609,69.7241
linucb(a=0.5),980,69.4482,68.3887,70.5077
linucb(a=0.5),990,70.1457,69.0764,71.215
linucb(a=0.5),1000,70.744,69.682,71.806
linucb(a=0.5),1010,71.4616,70.3614,72.5618
linucb(a=0.5),1020,72.1525,71.0287,73.2763
linucb(a=0.5),1030,72.6089,71.4602,73.7575
linucb(a=0.5),1040,73.2159,72.0536,74.3782
linucb(a=0.5),1050,73.864,72.7273,75.0008
linucb(a=0.5),1060,74.4459,73.2665,75.6253
linucb(a=0.5),1070,75.0259,73.806,76.2458
linucb(a=0.5),1080,75.6939,74.4495,76.9382
linucb(a=0.5),1090,76.332,75.064,77.6
linucb(a=0.5),1100,76.9104,75.6409,78.1799
linucb(a=0.5),1110,77.4789,76.2055,78.7524
linucb(a=0.5),1120,78.0888,76.7839,79.3937
linucb(a=0.5),1130,78.764,77.4323,80.0957
linucb(a=0.5),1140,79.3255,77.9721,80.6789
linucb(a=0.5),1150,79.9852,78.558,81.4124
linucb(a=0.5),1160,80.6265,79.1767,82.0763
linucb(a=0.5),1170,81.1703,79.7191,82.6215
linucb(a=0.5),1180,81.821,80.3507,83.2913
linucb(a=0.5),1190,82.4212,80.9364,83.906
linucb(a=0.5),1200,82.9696,81.5036,84.4356
linucb(a=0.5),1210,83.5155,82.0058,85.0252
linucb(a=0.5),1220,84.2149,82.6549,85.7748
linucb(a=0.5),1230,84.8082,83.2533,86.3632
linucb(a=0.5),1240,85.4675,83.8835,87.0516
linucb(a=0.5),1250,86.0407,84.4437,87.6376
linucb(a=0.5),1260,86.6194,85.0484,88.1904
linucb(a=0.5),1270,87.1968,85.5985,88.7951
linucb(a=0.5),1280,87.9763,86.3469,89.6058
linucb(a=0.5),1290,88.5612,86.8763,90.246
linucb(a=0.5),1300,89.1367,87.4642,90.8091
linucb(a=0.5),1310,89.6725,87.9949,91.3501
linucb(a=0.5),1320,90.3297,88.6416,92.0178
linucb(a=0.5),1330,91.0231,89.3103,92.7359
linucb(a=0.5),1340,91.6742,89.9216,93.4269
linucb(a=0.5),1350,92.3512,90.5881,94.1143
linucb(a=0.5),1360,92.9502,91.181,94.7193
linucb(a=0.5),1370,93.4656,91.6562,95.2749
linucb(a=0.5),1380,94.0634,92.2344,95.8923
linucb(a=0.5),1390,94.7509,92.8947,96.6072
linucb(a=0.5),1400,95.2655,93.3851,97.1459
linucb(a=0.5),1410,95.7944,93.8948,97.694
linucb(a=0.5),1420,96.3157,94.4238,98.2076
linucb(a=0.5),1430,96.9216,94.9673,98.8759
linucb(a=0.5),1440,97.5593,95.6142,99.5044
linucb(a=0.5),1450,98.1937,96.2185,100.169
linucb(a=0.5),1460,98.8074,96.8521,100.763
linucb(a=0.5),1470,99.3237,97.3896,101.258
linucb(a=0.5),1480,100.011,98.0804,101.941
linucb(a=0.5),1490,100.629,98.6861,102.571
linucb(a=0.5),1500,101.173,99.222,103.124
linucb(a=0.5),1510,101.744,99.8047,103.683
linucb(a=0.5),1520,102.386,100.456,104.317
linucb(a=0.5),1530,102.813,100.851,104.775
linucb(a=0.5),1540,103.426,101.416,105.437
linucb(a=0.5),1550,104.002,101.945,106.059
linucb(a=0.5),1560,104.567,102.511,106.623
linucb(a=0.5),1570,105.153,103.125,107.182
linucb(a=0.5),1580,105.747,103.722,107.773
linucb(a=0.5),1590,106.201,104.184,108.218
linucb(a=0.5),1600,106.837,104.76,108.913
linucb(a=0.5),1610,107.541,105.494,109.587
linucb(a=0.5),1620,108.176,106.069,110.283
linucb(a=0.5),1630,108.739,106.573,110.905
linucb(a=0.5),1640,109.386,107.191,111.581
linucb(a=0.5),1650,109.858,107.614,112.103
linucb(a=0.5),1660,110.457,108.174,112.741
linucb(a=0.5),1670,111.134,108.808,113.461
linucb(a=0.5),1680,111.883,109.558,114.207
linucb(a=0.5),1690,112.389,110.01,114.768
linucb(a=0.5),1700,112.925,110.553,115.297
linucb(a=0.5),1710,113.542,111.193,115.891
linucb(a=0.5),1720,114.193,111.809,116.577
linucb(a=0.5),1730,114.81,112.434,117.187
linucb(a=0.5),1740,115.425,113.019,117.832
linucb(a=0.5),1750,116.018,113.599,118.437
linucb(a=0.5),1760,116.552,114.151,118.953
linucb(a=0.5),1770,117.085,114.659,119.511
linucb(a=0.5),1780,117.668,115.245,120.091
linucb(a=0.5),1790,118.234,115.835,120.633
linucb(a=0.5),1800,118.885,116.457,121.312
linucb(a=0.5),1810,119.47,117.036,121.903
linucb(a=0.5),1820,120.104,117.655,122.553
linucb(a=0.5),1830,120.622,118.169,123.074
linucb(a=0.5),1840,121.169,118.705,123.634
linucb(a=0.5),1850,121.765,119.291,124.239
linucb(a=0.5),1860,122.336,119.833,124.839
linucb(a=0.5),1870,122.92,120.4,125.44
linucb(a=0.5),1880,123.49,120.997,125.983
linucb(a=0.5),1890,124.099,121.627,126.571
linucb(a=0.5),1900,124.697,122.202,127.191
linucb(a=0.5),1910,125.34,122.807,127.874
linucb(a=0.5),1920,125.996,123.447,128.545
linucb(a=0.5),1930,126.492,123.913,129.071
linucb(a=0.5),1940,127.175,124.591,129.76
linucb(a=0.5),1950,127.708,125.044,130.372
linucb(a=0.5),1960,128.326,125.628,131.023
linucb(a=0.5),1970,128.872,126.16,131.583
linucb(a=0.5),1980,129.485,126.738,132.233
linucb(a=0.5),1990,130.124,127.371,132.876
linucb(a=0.5),2000,130.695,127.953,133.438
linucb(a=1),1,0.0688727,0.0158558,0.12189
linucb(a=1),10,0.915609,0.755625,1.07559
linucb(a=1),20,1.81776,1.61422,2.0213
linucb(a=1),30,2.77256,2.48335,3.06178
linucb(a=1),40,3.64939,3.30901,3.98978
linucb(a=1),50,4.43054,4.11894,4.74213
linucb(a=1),60,5.43182,5.05006,5.81357
linucb(a=1),70,6.25036,5.88242,6.6183
linucb(a=1),80,7.00643,6.62473,7.38813
linucb(a=1),90,7.75092,7.33354,8.16831
linucb(a=1),100,8.48549,8.0755,8.89549
linucb(a=1),110,9.39177,8.98369,9.79985
linucb(a=1),120,10.3642,9.90053,10.8278
linucb(a=1),130,11.2129,10.7295,11.6963
linucb(a=1),140,12.0239,11.5,12.5478
linucb(a=1),150,12.9053,12.3327,13.478
linucb(a=1),160,13.7218,13.1112,14.3324
linucb(a=1),170,14.4318,13.8582,15.0054
linucb(a=1),180,15.2726,14.6849,15.8604
linucb(a=1),190,15.9991,15.3839,16.6142
linucb(a=1),200,16.8409,16.2294,17.4525
linucb(a=1),210,17.6246,17.0102,18.2391
linucb(a=1),220,18.2168,17.5876,18.8459
linucb(a=1),230,18.9108,18.2917,19.5298
linucb(a=1),240,19.6687,19.0531,20.2844
linucb(a=1),250,20.5036,19.9169,21.0903
linucb(a=1),260,21.2635,20.6645,21.8625
linucb(a=1),270,21.9947,21.4071,22.5823
linucb(a=1),280,22.7312,22.1735,23.2889
linucb(a=1),290,23.4218,22.8254,24.0181
linucb(a=1),300,24.2262,23.6152,24.8371
linucb(a=1),310,24.9924,24.3328,25.652
linucb(a=1),320,25.7472,25.0285,26.4658
linucb(a=1),330,26.5844,25.842,27.3268
linucb(a=1),340,27.3747,26.5947,28.1546
linucb(a=1),350,28.1639,27.3975,28.9303
linucb(a=1),360,29.0107,28.2639,29.7575
linucb(a=1),370,29.7228,28.9731,30.4725
linucb(a=1),380,30.549,29.8275,31.2706
linucb(a=1),390,31.2705,30.4606,32.0804
linucb(a=1),400,32.1063,31.3217,32.891
linucb(a=1),410,32.841,32.0452,33.6369
linucb(a=1),420,33.5431,32.7279,34.3584
linucb(a=1),430,34.3901,33.5809,35.1992
linucb(a=1),440,35.0872,34.2263,35.9481
linucb(a=1),450,35.7984,34.9219,36.6748
linucb(a=1),460,36.5109,35.6245,37.3973
linucb(a=1),470,37.2936,36.3636,38.2237
linucb(a=1),480,38.0221,37.1057,38.9386
linucb(a=1),490,38.6866,37.7296,39.6436
linucb(a=1),500,39.4407,38.4786,40.4027
linucb(a=1),510,40.1724,39.1591,41.1858
linucb(a=1),520,40.9657,39.9744,41.957
linucb(a=1),530,41.6672,40.6646,42.6697
linucb(a=1),540,42.3938,41.3822,43.4055
linucb(a=1),550,43.0702,41.9916,44.1488
linucb(a=1),560,43.6416,42.5639,44.7193
linucb(a=1),570,44.2915,43.2068,45.3762
linucb(a=1),580,45.0512,43.9839,46.1184
linucb(a=1),590,45.7878,44.713,46.8625
linucb(a=1),600,46.544,45.4812,47.6067
linucb(a=1),610,47.2951,46.2403,48.35
linucb(a=1),620,48.1322,47.1078,49.1565
linucb(a=1),630,48.7412,47.6591,49.8232
linucb(a=1),640,49.4125,48.278,50.547
linucb(a=1),650,50.3037,49.2029,51.4044
linucb(a=1),660,51.0237,49.9138,52.1335
linucb(a=1),670,51.7078,50.5811,52.8346
linucb(a=1),680,52.4561,51.3,53.6123
linucb(a=1),690,53.2157,52.0466,54.3847
linucb(a=1),700,53.9246,52.7328,55.1164
linucb(a=1),710,54.6325,53.4673,55.7976
linucb(a=1),720,55.1734,54.0112,56.3356
linucb(a=1),730,55.8189,54.6144,57.0234
linucb(a=1),740,56.4905,55.3258,57.6552
linucb(a=1),750,57.1451,55.9631,58.327
linucb(a=1),760,57.8861,56.7665,59.0058
linucb(a=1),770,58.6279,57.5091,59.7467
linucb(a=1),780,59.4525,58.2703,60.6348
linucb(a=1),790,60.155,58.9832,61.3267
linucb(a=1),800,60.8484,59.6426,62.0542
linucb(a=1),810,61.5898,60.4216,62.758
linucb(a=1),820,62.2526,61.1044,63.4007
linucb(a=1),830,63.015,61.8741,64.1558
linucb(a=1),840,63.8263,62.7102,64.9423
linucb(a=1),850,64.5453,63.4639,65.6267
linucb(a=1),860,65.2979,64.2375,66.3583
linucb(a=1),870,65.8962,64.8142,66.9783
linucb(a=1),880,66.5522,65.4531,67.6512
linucb(a=1),890,67.178,66.0711,68.2848
linucb(a=1),900,67.9081,66.752,69.0642
linucb(a=1),910,68.73,67.6258,69.8342
linucb(a=1),920,69.4692,68.354,70.5845
linucb(a=1),930,70.1418,68.9695,71.314
linucb(a=1),940,70.8886,69.6572,72.12
linucb(a=1),950,71.5678,70.351,72.7847
linucb(a=1),960,72.2774,71.1172,73.4375
linucb(a=1),970,73.0156,71.8313,74.2
linucb(a=1),980,73.8449,72.6704,75.0194
linucb(a=1),990,74.5509,73.3936,75.7082
linucb(a=1),1000,75.2892,74.1112,76.4672
linucb(a=1),1010,75.9997,74.8244,77.175
linucb(a=1),1020,76.6979,75.4606,77.9351
linucb(a=1),1030,77.3022,76.0145,78.5898
linucb(a=1),1040,77.9696,76.6551,79.2841
linucb(a=1),1050,78.7414,77.4722,80.0107
linucb(a=1),1060,79.453,78.2081,80.6978
linucb(a=1),1070,80.0424,78.7649,81.32
linucb(a=1),1080,80.7035,79.3564,82.0505
linucb(a=1),1090,81.3416,79.9746,82.7087
linucb(a=1),1100,81.9182,80.5417,83.2947
linucb(a=1),1110,82.5659,81.2075,83.9243
linucb(a=1),1120,83.2451,81.8087,84.6814
linucb(a=1),1130,84.0371,82.5954,85.4787
linucb(a=1),1140,84.7397,83.2528,86.2266
linucb(a=1),1150,85.4376,83.9259,86.9492
linucb(a=1),1160,86.085,84.5461,87.624
linucb(a=1),1170,86.7087,85.0842,88.3332
linucb(a=1),1180,87.3612,85.7398,88.9827
linucb(a=1),1190,87.9572,86.3391,89.5752
linucb(a=1),1200,88.6517,87.0481,90.2552
linucb(a=1),1210,89.3382,87.6916,90.9848
linucb(a=1),1220,90.1104,88.4245,91.7964
linucb(a=1),1230,90.7238,89.0058,92.4417
linucb(a=1),1240,91.3836,89.6175,93.1498
linucb(a=1),1250,92.1383,90.3773,93.8993
linucb(a=1),1260,92.7745,91.0032,94.5457
linucb(a=1),1270,93.4849,91.6958,95.2739
linucb(a=1),1280,94.2214,92.4147,96.028
linucb(a=1),1290,94.8795,93.0461,96.7129
linucb(a=1),1300,95.4265,93.5904,97.2626
linucb(a=1),1310,96.0211,94.1751,97.8671
linucb(a=1),1320,96.7067,94.8718,98.5416
linucb(a=1),1330,97.465,95.6416,99.2885
linucb(a=1),1340,98.0346,96.1893,99.8798
linucb(a=1),1350,98.7414,96.8863,100.597
linucb(a=1),1360,99.4515,97.5993,101.304
linucb(a=1),1370,100.068,98.1793,101.957
linucb(a=1),1380,100.655,98.7373,102.572
linucb(a=1),1390,101.372,99.4366,103.308
linucb(a=1),1400,101.951,100.041,103.861
linucb(a=1),1410,102.587,100.648,104.526
linucb(a=1),1420,103.164,101.217,105.11
linucb(a=1),1430,103.747,101.773,105.722
linucb(a=1),1440,104.41,102.453,106.366
linucb(a=1),1450,105.076,103.094,107.059
linucb(a=1),1460,105.77,103.789,107.751
linucb(a=1),1470,106.403,104.434,108.373
linucb(a=1),1480,107.109,105.106,109.112
linucb(a=1),1490,107.8,105.833,109.768
linucb(a=1),1500,108.396,106.424,110.367
linucb(a=1),1510,108.94,106.97,110.91
linucb(a=1),1520,109.591,107.603,111.578
linucb(a=1),1530,110.087,108.08,112.094
linucb(a=1),1540,110.716,108.652,112.78
linucb(a=1),1550,111.338,109.272,113.404
linucb(a=1),1560,112.009,109.926,114.091
linucb(a=1),1570,112.603,110.533,114.674
linucb(a=1),1580,113.336,111.217,115.454
linucb(a=1),1590,113.92,111.815,116.025
linucb(a=1),1600,114.607,112.518,116.696
linucb(a=1),1610,115.288,113.199,117.378
linucb(a=1),1620,116.009,113.848,118.17
linucb(a=1),1630,116.734,114.549,118.918
linucb(a=1),1640,117.369,115.138,119.601
linucb(a=1),1650,117.91,115.637,120.182
linucb(a=1),1660,118.486,116.199,120.772
linucb(a=1),1670,119.228,116.917,121.54
linucb(a=1),1680,119.894,117.589,122.199
linucb(a=1),1690,120.494,118.146,122.842
linucb(a=1),1700,121.073,118.705,123.441
linucb(a=1),1710,121.754,119.332,124.177
linucb(a=1),1720,122.46,120.021,124.898
linucb(a=1),1730,123.111,120.628,125.593
linucb(a=1),1740,123.885,121.411,126.358
linucb(a=1),1750,124.547,122.104,126.991
linucb(a=1),1760,125.212,122.745,127.679
linucb(a=1),1770,125.813,123.325,128.301
linucb(a=1),1780,126.469,124.025,128.914
linucb(a=1),1790,127.116,124.675,129.557
linucb(a=1),1800,127.713,125.244,130.182
linucb(a=1),1810,128.46,125.96,130.96
linucb(a=1),1820,129.164,126.635,131.692
linucb(a=1),1830,129.758,127.234,132.281
linucb(a=1),1840,130.397,127.87,132.924
linucb(a=1),1850,131.019,128.518,133.521
linucb(a=1),1860,131.608,129.113,134.103
linucb(a=1),1870,132.246,129.748,134.743
linucb(a=1),1880,132.859,130.357,135.362
linucb(a=1),1890,133.526,131.017,136.035
linucb(a=1),1900,134.182,131.642,136.721
linucb(a=1),1910,134.855,132.218,137.492
linucb(a=1),1920,135.476,132.836,138.116
linucb(a=1),1930,136.053,133.403,138.703
linucb(a=1),1940,136.886,134.222,139.549
linucb(a=1),1950,137.538,134.897,140.178
linucb(a=1),1960,138.242,135.55,140.935
linucb(a=1),1970,138.888,136.165,141.612
linucb(a=1),1980,139.487,136.798,142.177
linucb(a=1),1990,140.213,137.557,142.869
linucb(a=1),2000,140.927,138.278,143.576
lints(v=0.1),1,0.0892442,0.0451473,0.133341
lints(v=0.1),10,0.926108,0.766254,1.08596
lints(v=0.1),20,1.80644,1.55907,2.05381
lints(v=0.1),30,2.56626,2.30973,2.82279
lints(v=0.1),40,3.47764,3.20187,3.75341
lints(v=0.1),50,4.29456,3.98097,4.60814
lints(v=0.1),60,5.12006,4.79554,5.44458
lints(v=0.1),70,6.126,5.78041,6.47159
lints(v=0.1),80,6.9188,6.55082,7.28678
lints(v=0.1),90,7.71237,7.2927,8.13203
lints(v=0.1),100,8.49236,8.04755,8.93716
lints(v=0.1),110,9.26157,8.76002,9.76312
lints(v=0.1),120,10.1192,9.53569,10.7027
lints(v=0.1),130,10.8673,10.2027,11.5318
lints(v=0.1),140,11.5411,10.849,12.2332
lints(v=0.1),150,12.2497,11.5362,12.9632
lints(v=0.1),160,13.0313,12.2595,13.803
lints(v=0.1),170,13.673,12.8543,14.4917
lints(v=0.1),180,14.4279,13.5629,15.293
lints(v=0.1),190,15.1254,14.2381,16.0127
lints(v=0.1),200,15.8259,14.9781,16.6737
lints(v=0.1),210,16.5394,15.7065,17.3724
lints(v=0.1),220,17.1801,16.3647,17.9956
lints(v=0.1),230,17.9333,17.1059,18.7606
lints(v=0.1),240,18.63,17.8093,19.4507
lints(v=0.1),250,19.4264,18.544,20.3089
lints(v=0.1),260,20.1156,19.219,21.0122
lints(v=0.1),270,20.7852,19.841,21.7295
lints(v=0.1),280,21.4501,20.5116,22.3887
lints(v=0.1),290,22.0678,21.1273,23.0084
lints(v=0.1),300,22.7911,21.8582,23.7239
lints(v=0.1),310,23.5255,22.5779,24.4731
lints(v=0.1),320,24.2018,23.1969,25.2067
lints(v=0.1),330,24.9121,23.9368,25.8875
lints(v=0.1),340,25.682,24.6864,26.6776
lints(v=0.1),350,26.3852,25.3293,27.4411
lints(v=0.1),360,27.0612,26.0354,28.0871
lints(v=0.1),370,27.7892,26.7624,28.8161
lints(v=0.1),380,28.5419,27.5057,29.5782
lints(v=0.1),390,29.2608,28.2235,30.2981
lints(v=0.1),400,29.9586,28.9059,31.0113
lints(v=0.1),410,30.693,29.5926,31.7934
lints(v=0.1),420,31.4053,30.3067,32.5039
lints(v=0.1),430,32.0445,30.9414,33.1476
lints(v=0.1),440,32.8107,31.6891,33.9323
lints(v=0.1),450,33.4595,32.3275,34.5915
lints(v=0.1),460,34.1257,32.9845,35.2669
lints(v=0.1),470,34.7339,33.6068,35.861
lints(v=0.1),480,35.3831,34.2764,36.4897
lints(v=0.1),490,36.1727,35.0544,37.2909
lints(v=0.1),500,36.8323,35.7634,37.9012
lints(v=0.1),510,37.4855,36.3724,38.5986
lints(v=0.1),520,38.0303,36.8757,39.1849
lints(v=0.1),530,38.6688,37.505,39.8327
lints(v=0.1),540,39.2669,38.055,40.4789
lints(v=0.1),550,39.9724,38.7951,41.1497
lints(v=0.1),560,40.5431,39.3079,41.7782
lints(v=0.1),570,41.2077,39.9796,42.4358
lints(v=0.1),580,41.8513,40.6085,43.0941
lints(v=0.1),590,42.5809,41.3275,43.8343
lints(v=0.1),600,43.196,41.9575,44.4345
lints(v=0.1),610,43.8894,42.6415,45.1373
lints(v=0.1),620,44.5456,43.3317,45.7594
lints(v=0.1),630,45.1879,43.9421,46.4337
lints(v=0.1),640,45.8213,44.6152,47.0274
lints(v=0.1),650,46.5275,45.3265,47.7285
lints(v=0.1),660,47.1201,45.884,48.3562
lints(v=0.1),670,47.8099,46.5597,49.0601
lints(v=0.1),680,48.5563,47.3093,49.8034
lints(v=0.1),690,49.239,47.9971,50.481
lints(v=0.1),700,49.7885,48.57,51.0071
lints(v=0.1),710,50.4019,49.1892,51.6145
lints(v=0.1),720,50.9612,49.771,52.1515
lints(v=0.1),730,51.5734,50.3582,52.7886
lints(v=0.1),740,52.2761,51.0629,53.4892
lints(v=0.1),750,52.9212,51.7242,54.1182
lints(v=0.1),760,53.5837,52.4354,54.732
lints(v=0.1),770,54.2448,53.0406,55.449
lints(v=0.1),780,54.9491,53.7202,56.178
lints(v=0.1),790,55.6261,54.3942,56.858
lints(v=0.1),800,56.2148,54.9797,57.4499
lints(v=0.1),810,56.8765,55.6273,58.1258
lints(v=0.1),820,57.497,56.2372,58.7569
lints(v=0.1),830,58.0935,56.8428,59.3443
lints(v=0.1),840,58.7984,57.5179,60.079
lints(v=0.1),850,59.4844,58.2132,60.7555
lints(v=0.1),860,60.0881,58.7906,61.3856
lints(v=0.1),870,60.6302,59.3553,61.9051
lints(v=0.1),880,61.2103,59.9606,62.4601
lints(v=0.1),890,61.8278,60.5486,63.1069
lints(v=0.1),900,62.4225,61.1059,63.7391
lints(v=0.1),910,63.0206,61.7218,64.3195
lints(v=0.1),920,63.7103,62.3886,65.032
lints(v=0.1),930,64.2618,62.9079,65.6157
lints(v=0.1),940,64.8688,63.4446,66.2929
lints(v=0.1),950,65.5786,64.1563,67.0009
lints(v=0.1),960,66.2409,64.8013,67.6804
lints(v=0.1),970,66.8863,65.46,68.3127
lints(v=0.1),980,67.6574,66.2082,69.1067
lints(v=0.1),990,68.3742,66.9696,69.7788
lints(v=0.1),1000,69.0828,67.6232,70.5425
lints(v=0.1),1010,69.7335,68.2744,71.1926
lints(v=0.1),1020,70.4578,68.9597,71.956
lints(v=0.1),1030,70.979,69.4718,72.4862
lints(v=0.1),1040,71.5781,70.0969,73.0593
lints(v=0.1),1050,72.1999,70.7005,73.6992
lints(v=0.1),1060,72.747,71.2568,74.2372
lints(v=0.1),1070,73.3214,71.7951,74.8477
lints(v=0.1),1080,73.9617,72.413,75.5103
lints(v=0.1),1090,74.6115,73.045,76.1781
lints(v=0.1),1100,75.1369,73.6041,76.6696
lints(v=0.1),1110,75.7426,74.2073,77.2779
lints(v=0.1),1120,76.4652,74.9346,77.9958
lints(v=0.1),1130,77.1951,75.6514,78.7389
lints(v=0.1),1140,77.7881,76.2368,79.3394
lints(v=0.1),1150,78.3246,76.753,79.8962
lints(v=0.1),1160,78.907,77.3218,80.4922
lints(v=0.1),1170,79.3836,77.7938,80.9734
lints(v=0.1),1180,80.0301,78.3998,81.6604
lints(v=0.1),1190,80.6143,78.9824,82.2461
lints(v=0.1),1200,81.1585,79.506,82.8109
lints(v=0.1),1210,81.8128,80.1143,83.5114
lints(v=0.1),1220,82.4407,80.7135,84.1678
lints(v=0.1),1230,83.0866,81.3466,84.8266
lints(v=0.1),1240,83.6311,81.8527,85.4094
lints(v=0.1),1250,84.1974,82.3911,86.0036
lints(v=0.1),1260,84.7207,82.8879,86.5535
lints(v=0.1),1270,85.4284,83.6106,87.2462
lints(v=0.1),1280,86.12,84.3085,87.9316
lints(v=0.1),1290,86.7408,84.9243,88.5574
lints(v=0.1),1300,87.3008,85.4844,89.1173
lints(v=0.1),1310,87.851,86.063,89.639
lints(v=0.1),1320,88.5339,86.6821,90.3858
lints(v=0.1),1330,89.1647,87.3061,91.0234
lints(v=0.1),1340,89.726,87.8361,91.6159
lints(v=0.1),1350,90.4349,88.5111,92.3587
lints(v=0.1),1360,91.0078,89.0847,92.931
lints(v=0.1),1370,91.6252,89.6995,93.5509
lints(v=0.1),1380,92.2362,90.3178,94.1545
lints(v=0.1),1390,92.9477,90.9576,94.9379
lints(v=0.1),1400,93.4595,91.4844,95.4345
lints(v=0.1),1410,94.0274,92.0333,96.0215
lints(v=0.1),1420,94.5825,92.5514,96.6135
lints(v=0.1),1430,95.1686,93.145,97.1921
lints(v=0.1),1440,95.8245,93.799,97.85
lints(v=0.1),1450,96.5046,94.492,98.5173
lints(v=0.1),1460,97.0472,95.0456,99.0489
lints(v=0.1),1470,97.6949,95.6918,99.6981
lints(v=0.1),1480,98.36,96.3101,100.41
lints(v=0.1),1490,98.9578,96.8826,101.033
lints(v=0.1),1500,99.546,97.4423,101.65
lints(v=0.1),1510,100.021,97.8803,102.162
lints(v=0.1),1520,100.613,98.4548,102.77
lints(v=0.1),1530,101.164,99.0066,103.321
lints(v=0.1),1540,101.789,99.6096,103.968
lints(v=0.1),1550,102.35,100.159,104.54
lints(v=0.1),1560,103.004,100.784,105.224
lints(v=0.1),1570,103.568,101.369,105.767
lints(v=0.1),1580,104.212,101.972,106.453
lints(v=0.1),1590,104.781,102.534,107.028
lints(v=0.1),1600,105.413,103.155,107.671
lints(v=0.1),1610,105.967,103.768,108.167
lints(v=0.1),1620,106.559,104.291,108.827
lints(v=0.1),1630,107.15,104.882,109.418
lints(v=0.1),1640,107.766,105.47,110.063
lints(v=0.1),1650,108.405,106.106,110.704
lints(v=0.1),1660,109.053,106.737,111.37
lints(v=0.1),1670,109.692,107.359,112.025
lints(v=0.1),1680,110.352,107.963,112.74
lints(v=0.1),1690,110.988,108.557,113.42
lints(v=0.1),1700,111.562,109.132,113.993
lints(v=0.1),1710,112.214,109.802,114.627
lints(v=0.1),1720,112.809,110.395,115.222
lints(v=0.1),1730,113.434,110.982,115.886
lints(v=0.1),1740,114.034,111.539,116.529
lints(v=0.1),1750,114.591,112.097,117.084
lints(v=0.1),1760,115.135,112.675,117.595
lints(v=0.1),1770,115.656,113.191,118.122
lints(v=0.1),1780,116.193,113.731,118.655
lints(v=0.1),1790,116.752,114.322,119.183
lints(v=0.1),1800,117.386,114.951,119.82
lints(v=0.1),1810,117.998,115.589,120.407
lints(v=0.1),1820,118.603,116.224,120.981
lints(v=0.1),1830,119.255,116.859,121.651
lints(v=0.1),1840,119.843,117.396,122.29
lints(v=0.1),1850,120.54,118.1,122.979
lints(v=0.1),1860,121.058,118.643,123.472
lints(v=0.1),1870,121.623,119.223,124.023
lints(v=0.1),1880,122.183,119.816,124.55
lints(v=0.1),1890,122.838,120.521,125.155
lints(v=0.1),1900,123.432,121.12,125.744
lints(v=0.1),1910,124.077,121.778,126.376
lints(v=0.1),1920,124.697,122.356,127.038
lints(v=0.1),1930,125.201,122.849,127.553
lints(v=0.1),1940,125.903,123.548,128.259
lints(v=0.1),1950,126.52,124.112,128.928
lints(v=0.1),1960,127.096,124.705,129.486
lints(v=0.1),1970,127.637,125.25,130.023
lints(v=0.1),1980,128.187,125.765,130.61
lints(v=0.1),1990,128.86,126.446,131.275
lints(v=0.1),2000,129.451,127.015,131.887
eps-greedy(0.1),1,0.0843965,0.0370457,0.131747
eps-greedy(0.1),10,0.906129,0.756136,1.05612
eps-greedy(0.1),20,1.66169,1.47185,1.85152
eps-greedy(0.1),30,2.3778,2.19485,2.56074
eps-greedy(0.1),40,3.09236,2.85513,3.32959
eps-greedy(0.1),50,3.73422,3.46511,4.00334
eps-greedy(0.1),60,4.52445,4.20428,4.84462
eps-greedy(0.1),70,5.2692,4.94761,5.5908
eps-greedy(0.1),80,5.99687,5.6338,6.35993
eps-greedy(0.1),90,6.73377,6.37031,7.09722
eps-greedy(0.1),100,7.44472,7.05417,7.83528
eps-greedy(0.1),110,8.19924,7.7791,8.61937
eps-greedy(0.1),120,9.00278,8.51501,9.49055
eps-greedy(0.1),130,9.65435,9.18521,10.1235
eps-greedy(0.1),140,10.3475,9.85358,10.8414
eps-greedy(0.1),150,11.0028,10.4788,11.5269
eps-greedy(0.1),160,11.6839,11.1276,12.2401
eps-greedy(0.1),170,12.4149,11.7801,13.0496
eps-greedy(0.1),180,13.1602,12.5394,13.7811
eps-greedy(0.1),190,13.8775,13.2211,14.534
eps-greedy(0.1),200,14.5924,13.9412,15.2436
eps-greedy(0.1),210,15.3222,14.6343,16.0101
eps-greedy(0.1),220,16.0179,15.3624,16.6735
eps-greedy(0.1),230,16.7006,16.0534,17.3479
eps-greedy(0.1),240,17.3693,16.7027,18.0358
eps-greedy(0.1),250,18.0795,17.4101,18.7489
eps-greedy(0.1),260,18.7061,18.0346,19.3777
eps-greedy(0.1),270,19.3054,18.602,20.0088
eps-greedy(0.1),280,20.1137,19.3867,20.8408
eps-greedy(0.1),290,20.7717,20.0413,21.5021
eps-greedy(0.1),300,21.4829,20.7542,22.2115
eps-greedy(0.1),310,22.1223,21.3973,22.8474
eps-greedy(0.1),320,22.7603,22.0747,23.446
eps-greedy(0.1),330,23.4071,22.6878,24.1263
eps-greedy(0.1),340,24.0928,23.3884,24.7972
eps-greedy(0.1),350,24.7747,24.0203,25.5291
eps-greedy(0.1),360,25.5338,24.7344,26.3333
eps-greedy(0.1),370,26.2471,25.427,27.0672
eps-greedy(0.1),380,26.8772,26.0195,27.7349
eps-greedy(0.1),390,27.6065,26.7054,28.5077
eps-greedy(0.1),400,28.1778,27.26,29.0955
eps-greedy(0.1),410,28.95,28.0194,29.8806
eps-greedy(0.1),420,29.6207,28.6275,30.6139
eps-greedy(0.1),430,30.2597,29.2678,31.2515
eps-greedy(0.1),440,30.9519,29.9686,31.9351
eps-greedy(0.1),450,31.6303,30.6297,32.6308
eps-greedy(0.1),460,32.2209,31.1802,33.2615
eps-greedy(0.1),470,32.8437,31.8074,33.8801
eps-greedy(0.1),480,33.461,32.3895,34.5325
eps-greedy(0.1),490,34.147,33.0683,35.2258
eps-greedy(0.1),500,34.782,33.7028,35.8612
eps-greedy(0.1),510,35.4767,34.3978,36.5555
eps-greedy(0.1),520,35.9975,34.931,37.0641
eps-greedy(0.1),530,36.6,35.518,37.682
eps-greedy(0.1),540,37.2384,36.1188,38.358
eps-greedy(0.1),550,37.8517,36.7447,38.9587
eps-greedy(0.1),560,38.3996,37.2742,39.5251
eps-greedy(0.1),570,39.1031,37.9464,40.2598
eps-greedy(0.1),580,39.8322,38.6294,41.035
eps-greedy(0.1),590,40.6028,39.391,41.8146
eps-greedy(0.1),600,41.2488,40.0372,42.4605
eps-greedy(0.1),610,41.9635,40.7238,43.2031
eps-greedy(0.1),620,42.5342,41.3005,43.7678
eps-greedy(0.1),630,43.1003,41.8724,44.3281
eps-greedy(0.1),640,43.6828,42.4644,44.9012
eps-greedy(0.1),650,44.4117,43.1878,45.6357
eps-greedy(0.1),660,45.0493,43.778,46.3206
eps-greedy(0.1),670,45.6906,44.4332,46.948
eps-greedy(0.1),680,46.3716,45.0715,47.6717
eps-greedy(0.1),690,47.1208,45.8273,48.4143
eps-greedy(0.1),700,47.8494,46.5141,49.1848
eps-greedy(0.1),710,48.4618,47.117,49.8066
eps-greedy(0.1),720,49.009,47.6906,50.3275
eps-greedy(0.1),730,49.5502,48.2509,50.8495
eps-greedy(0.1),740,50.2764,48.9674,51.5854
eps-greedy(0.1),750,50.9532,49.611,52.2953
eps-greedy(0.1),760,51.5734,50.2364,52.9103
eps-greedy(0.1),770,52.3043,50.9533,53.6552
eps-greedy(0.1),780,52.9013,51.5089,54.2937
eps-greedy(0.1),790,53.604,52.1757,55.0323
eps-greedy(0.1),800,54.279,52.7638,55.7941
eps-greedy(0.1),810,54.9027,53.3751,56.4302
eps-greedy(0.1),820,55.5218,53.9379,57.1058
eps-greedy(0.1),830,56.2454,54.6144,57.8764
eps-greedy(0.1),840,56.9042,55.2558,58.5526
eps-greedy(0.1),850,57.593,55.9574,59.2286
eps-greedy(0.1),860,58.2677,56.6919,59.8436
eps-greedy(0.1),870,58.826,57.2644,60.3875
eps-greedy(0.1),880,59.4615,57.8689,61.0541
eps-greedy(0.1),890,60.1407,58.5438,61.7375
eps-greedy(0.1),900,60.8094,59.1862,62.4326
eps-greedy(0.1),910,61.5629,59.9728,63.153
eps-greedy(0.1),920,62.2332,60.6061,63.8603
eps-greedy(0.1),930,62.7466,61.0867,64.4065
eps-greedy(0.1),940,63.386,61.6746,65.0974
eps-greedy(0.1),950,64.0159,62.2825,65.7493
eps-greedy(0.1),960,64.6777,62.9043,66.451
eps-greedy(0.1),970,65.3073,63.5158,67.0988
eps-greedy(0.1),980,66.0993,64.3168,67.8817
eps-greedy(0.1),990,66.7704,65.0069,68.5339
eps-greedy(0.1),1000,67.501,65.7492,69.2529
eps-greedy(0.1),1010,68.1444,66.4166,69.8722
eps-greedy(0.1),1020,68.8093,67.0428,70.5759
eps-greedy(0.1),1030,69.2997,67.5008,71.0985
eps-greedy(0.1),1040,69.9157,68.1363,71.6951
eps-greedy(0.1),1050,70.5359,68.7306,72.3412
eps-greedy(0.1),1060,71.161,69.3183,73.0037
eps-greedy(0.1),1070,71.7562,69.8832,73.6292
eps-greedy(0.1),1080,72.345,70.4245,74.2654
eps-greedy(0.1),1090,73.0016,71.0401,74.963
eps-greedy(0.1),1100,73.5503,71.5489,75.5518
eps-greedy(0.1),1110,74.0495,72.052,76.0469
eps-greedy(0.1),1120,74.7117,72.7319,76.6914
eps-greedy(0.1),1130,75.3542,73.366,77.3425
eps-greedy(0.1),1140,76.0823,74.0588,78.1058
eps-greedy(0.1),1150,76.664,74.5897,78.7382
eps-greedy(0.1),1160,77.2685,75.192,79.345
eps-greedy(0.1),1170,77.9045,75.8189,79.9901
eps-greedy(0.1),1180,78.5726,76.5061,80.6391
eps-greedy(0.1),1190,79.1641,77.0842,81.244
eps-greedy(0.1),1200,79.8167,77.7195,81.9138
eps-greedy(0.1),1210,80.4858,78.3362,82.6355
eps-greedy(0.1),1220,81.171,79.0011,83.3408
eps-greedy(0.1),1230,81.9024,79.7373,84.0675
eps-greedy(0.1),1240,82.5164,80.3051,84.7276
eps-greedy(0.1),1250,83.2149,80.9979,85.4319
eps-greedy(0.1),1260,83.8392,81.6187,86.0597
eps-greedy(0.1),1270,84.5058,82.2466,86.7651
eps-greedy(0.1),1280,85.1571,82.8794,87.4348
eps-greedy(0.1),1290,85.7382,83.4332,88.0431
eps-greedy(0.1),1300,86.3421,84.0372,88.6471
eps-greedy(0.1),1310,87.0121,84.6943,89.3299
eps-greedy(0.1),1320,87.7168,85.4048,90.0289
eps-greedy(0.1),1330,88.3569,86.0116,90.7023
eps-greedy(0.1),1340,89.0236,86.6459,91.4013
eps-greedy(0.1),1350,89.7997,87.3494,92.2499
eps-greedy(0.1),1360,90.4646,88.0006,92.9285
eps-greedy(0.1),1370,91.2349,88.7291,93.7407
eps-greedy(0.1),1380,91.8274,89.3053,94.3495
eps-greedy(0.1),1390,92.5228,89.9891,95.0565
eps-greedy(0.1),1400,93.2262,90.6641,95.7882
eps-greedy(0.1),1410,93.8171,91.2219,96.4123
eps-greedy(0.1),1420,94.4029,91.8061,96.9997
eps-greedy(0.1),1430,95.005,92.3804,97.6295
eps-greedy(0.1),1440,95.7038,93.0793,98.3284
eps-greedy(0.1),1450,96.3611,93.6816,99.0406
eps-greedy(0.1),1460,97.0675,94.4398,99.6952
eps-greedy(0.1),1470,97.7479,95.0676,100.428
eps-greedy(0.1),1480,98.4015,95.7214,101.082
eps-greedy(0.1),1490,99.0784,96.3645,101.792
eps-greedy(0.1),1500,99.7475,97.0287,102.466
eps-greedy(0.1),1510,100.333,97.6238,103.041
eps-greedy(0.1),1520,100.946,98.2302,103.662
eps-greedy(0.1),1530,101.546,98.8035,104.288
eps-greedy(0.1),1540,102.213,99.4314,104.994
eps-greedy(0.1),1550,102.791,100.003,105.578
eps-greedy(0.1),1560,103.427,100.577,106.276
eps-greedy(0.1),1570,103.912,101.041,106.784
eps-greedy(0.1),1580,104.508,101.633,107.382
eps-greedy(0.1),1590,105.124,102.264,107.984
eps-greedy(0.1),1600,105.759,102.889,108.628
eps-greedy(0.1),1610,106.37,103.502,109.238
eps-greedy(0.1),1620,107.015,104.106,109.925
eps-greedy(0.1),1630,107.611,104.664,110.557
eps-greedy(0.1),1640,108.229,105.316,111.143
eps-greedy(0.1),1650,108.848,105.876,111.82
eps-greedy(0.1),1660,109.45,106.464,112.436
eps-greedy(0.1),1670,110.083,107.076,113.089
eps-greedy(0.1),1680,110.706,107.696,113.716
eps-greedy(0.1),1690,111.31,108.258,114.362
eps-greedy(0.1),1700,111.919,108.825,115.013
eps-greedy(0.1),1710,112.574,109.475,115.673
eps-greedy(0.1),1720,113.186,110.104,116.268
eps-greedy(0.1),1730,113.865,110.771,116.96
eps-greedy(0.1),1740,114.365,111.249,117.482
eps-greedy(0.1),1750,114.969,111.864,118.074
eps-greedy(0.1),1760,115.59,112.509,118.67
eps-greedy(0.1),1770,116.302,113.245,119.358
eps-greedy(0.1),1780,116.896,113.841,119.952
eps-greedy(0.1),1790,117.47,114.406,120.535
eps-greedy(0.1),1800,118.11,115.011,121.208
eps-greedy(0.1),1810,118.75,115.651,121.85
eps-greedy(0.1),1820,119.376,116.304,122.447
eps-greedy(0.1),1830,120.026,116.929,123.124
eps-greedy(0.1),1840,120.6,117.484,123.716
eps-greedy(0.1),1850,121.221,118.143,124.299
eps-greedy(0.1),1860,121.768,118.688,124.847
eps-greedy(0.1),1870,122.328,119.292,125.364
eps-greedy(0.1),1880,122.942,119.887,125.996
eps-greedy(0.1),1890,123.606,120.575,126.636
eps-greedy(0.1),1900,124.169,121.136,127.201
eps-greedy(0.1),1910,124.856,121.802,127.911
eps-greedy(0.1),1920,125.451,122.326,128.576
eps-greedy(0.1),1930,126.128,122.974,129.283
eps-greedy(0.1),1940,126.946,123.763,130.129
eps-greedy(0.1),1950,127.574,124.35,130.798
eps-greedy(0.1),1960,128.167,124.93,131.404
eps-greedy(0.1),1970,128.811,125.55,132.072
eps-greedy(0.1),1980,129.422,126.158,132.685
eps-greedy(0.1),1990,130.185,126.949,133.42
eps-greedy(0.1),2000,130.859,127.608,134.111
linucb-bias-only(a=0.1),1,0.0688727,0.0158558,0.12189
linucb-bias-only(a=0.1),10,0.699961,0.549737,0.850185
linucb-bias-only(a=0.1),20,1.44398,1.19133,1.69662
linucb-bias-only(a=0.1),30,2.19958,1.939,2.46016
linucb-bias-only(a=0.1),40,2.96767,2.72248,3.21287
linucb-bias-only(a=0.1),50,3.56028,3.30319,3.81738
linucb-bias-only(a=0.1),60,4.29987,4.00529,4.59444
linucb-bias-only(a=0.1),70,5.06849,4.7882,5.34877
linucb-bias-only(a=0.1),80,5.71876,5.4191,6.01842
linucb-bias-only(a=0.1),90,6.37355,6.03324,6.71385
linucb-bias-only(a=0.1),100,7.17506,6.82735,7.52276
linucb-bias-only(a=0.1),110,7.88472,7.45587,8.31356
linucb-bias-only(a=0.1),120,8.67098,8.17518,9.16678
linucb-bias-only(a=0.1),130,9.28957,8.78717,9.79197
linucb-bias-only(a=0.1),140,9.92857,9.3956,10.4615
linucb-bias-only(a=0.1),150,10.5594,9.98542,11.1334
linucb-bias-only(a=0.1),160,11.2657,10.6841,11.8473
linucb-bias-only(a=0.1),170,11.9083,11.2827,12.5338
linucb-bias-only(a=0.1),180,12.6094,11.9963,13.2225
linucb-bias-only(a=0.1),190,13.2796,12.6795,13.8797
linucb-bias-only(a=0.1),200,13.9085,13.3224,14.4945
linucb-bias-only(a=0.1),210,14.5913,14.0039,15.1786
linucb-bias-only(a=0.1),220,15.25,14.6896,15.8104
linucb-bias-only(a=0.1),230,15.9536,15.3851,16.5221
linucb-bias-only(a=0.1),240,16.6469,16.1175,17.1763
linucb-bias-only(a=0.1),250,17.3167,16.7694,17.8639
linucb-bias-only(a=0.1),260,17.9814,17.4181,18.5447
linucb-bias-only(a=0.1),270,18.6232,18.0437,19.2027
linucb-bias-only(a=0.1),280,19.2676,18.6772,19.858
linucb-bias-only(a=0.1),290,19.8856,19.2839,20.4872
linucb-bias-only(a=0.1),300,20.5752,19.9842,21.1662
linucb-bias-only(a=0.1),310,21.2381,20.676,21.8002
linucb-bias-only(a=0.1),320,21.8724,21.3331,22.4118
linucb-bias-only(a=0.1),330,22.5027,21.9325,23.0728
linucb-bias-only(a=0.1),340,23.1921,22.6515,23.7326
linucb-bias-only(a=0.1),350,23.8594,23.3093,24.4096
linucb-bias-only(a=0.1),360,24.5493,23.988,25.1107
linucb-bias-only(a=0.1),370,25.2401,24.6727,25.8074
linucb-bias-only(a=0.1),380,25.9253,25.3262,26.5244
linucb-bias-only(a=0.1),390,26.5974,25.9928,27.2019
linucb-bias-only(a=0.1),400,27.2844,26.6683,27.9005
linucb-bias-only(a=0.1),410,28.0091,27.3887,28.6295
linucb-bias-only(a=0.1),420,28.6736,27.9883,29.359
linucb-bias-only(a=0.1),430,29.3354,28.6448,30.0261
linucb-bias-only(a=0.1),440,30.0425,29.3441,30.7409
linucb-bias-only(a=0.1),450,30.7362,30.0057,31.4667
linucb-bias-only(a=0.1),460,31.3784,30.6414,32.1154
linucb-bias-only(a=0.1),470,31.9575,31.2159,32.6991
linucb-bias-only(a=0.1),480,32.5795,31.8326,33.3264
linucb-bias-only(a=0.1),490,33.1277,32.3667,33.8886
linucb-bias-only(a=0.1),500,33.7944,33.0542,34.5346
linucb-bias-only(a=0.1),510,34.5005,33.7317,35.2692
linucb-bias-only(a=0.1),520,35.0487,34.2615,35.836
linucb-bias-only(a=0.1),530,35.7106,34.9097,36.5116
linucb-bias-only(a=0.1),540,36.3375,35.5436,37.1313
linucb-bias-only(a=0.1),550,36.9266,36.1209,37.7323
linucb-bias-only(a=0.1),560,37.547,36.7336,38.3605
linucb-bias-only(a=0.1),570,38.2726,37.4262,39.119
linucb-bias-only(a=0.1),580,38.9483,38.0789,39.8176
linucb-bias-only(a=0.1),590,39.6711,38.8061,40.5361
linucb-bias-only(a=0.1),600,40.3234,39.4285,41.2184
linucb-bias-only(a=0.1),610,40.9726,40.0645,41.8808
linucb-bias-only(a=0.1),620,41.5591,40.6841,42.434
linucb-bias-only(a=0.1),630,42.1507,41.2561,43.0454
linucb-bias-only(a=0.1),640,42.7232,41.8498,43.5966
linucb-bias-only(a=0.1),650,43.4646,42.5821,44.347
linucb-bias-only(a=0.1),660,44.1719,43.2497,45.0941
linucb-bias-only(a=0.1),670,44.8053,43.8888,45.7217
linucb-bias-only(a=0.1),680,45.4944,44.535,46.4537
linucb-bias-only(a=0.1),690,46.1589,45.1764,47.1413
linucb-bias-only(a=0.1),700,46.9105,45.9451,47.876
linucb-bias-only(a=0.1),710,47.5709,46.6086,48.5332
linucb-bias-only(a=0.1),720,48.1124,47.1145,49.1102
linucb-bias-only(a=0.1),730,48.6844,47.7024,49.6664
linucb-bias-only(a=0.1),740,49.3581,48.3901,50.3262
linucb-bias-only(a=0.1),750,49.9602,48.9972,50.9231
linucb-bias-only(a=0.1),760,50.5892,49.6454,51.5329
linucb-bias-only(a=0.1),770,51.2363,50.2617,52.2109
linucb-bias-only(a=0.1),780,52.0027,50.9813,53.0241
linucb-bias-only(a=0.1),790,52.6926,51.6468,53.7384
linucb-bias-only(a=0.1),800,53.2687,52.2096,54.3279
linucb-bias-only(a=0.1),810,53.9614,52.9123,55.0104
linucb-bias-only(a=0.1),820,54.6028,53.5626,55.643
linucb-bias-only(a=0.1),830,55.2729,54.2363,56.3096
linucb-bias-only(a=0.1),840,55.9797,54.986,56.9734
linucb-bias-only(a=0.1),850,56.6296,55.6263,57.6329
linucb-bias-only(a=0.1),860,57.3251,56.3067,58.3435
linucb-bias-only(a=0.1),870,57.9201,56.9046,58.9357
linucb-bias-only(a=0.1),880,58.4966,57.4586,59.5347
linucb-bias-only(a=0.1),890,59.1724,58.1347,60.21
linucb-bias-only(a=0.1),900,59.8149,58.7674,60.8624
linucb-bias-only(a=0.1),910,60.5502,59.5318,61.5686
linucb-bias-only(a=0.1),920,61.2533,60.2153,62.2913
linucb-bias-only(a=0.1),930,61.8471,60.8112,62.883
linucb-bias-only(a=0.1),940,62.4771,61.4061,63.5481
linucb-bias-only(a=0.1),950,63.1464,62.0693,64.2234
linucb-bias-only(a=0.1),960,63.8301,62.7515,64.9087
linucb-bias-only(a=0.1),970,64.4511,63.3606,65.5415
linucb-bias-only(a=0.1),980,65.1881,64.0853,66.2909
linucb-bias-only(a=0.1),990,65.9107,64.842,66.9794
linucb-bias-only(a=0.1),1000,66.6191,65.5369,67.7013
linucb-bias-only(a=0.1),1010,67.319,66.2447,68.3933
linucb-bias-only(a=0.1),1020,68.0829,66.9885,69.1774
linucb-bias-only(a=0.1),1030,68.6989,67.5966,69.8012
linucb-bias-only(a=0.1),1040,69.2861,68.1588,70.4134
linucb-bias-only(a=0.1),1050,69.9528,68.8148,71.0909
linucb-bias-only(a=0.1),1060,70.566,69.4115,71.7205
linucb-bias-only(a=0.1),1070,71.1809,70.0219,72.3398
linucb-bias-only(a=0.1),1080,71.8437,70.64,73.0474
linucb-bias-only(a=0.1),1090,72.4972,71.2717,73.7227
linucb-bias-only(a=0.1),1100,73.0469,71.8245,74.2692
linucb-bias-only(a=0.1),1110,73.7142,72.5005,74.9279
linucb-bias-only(a=0.1),1120,74.4991,73.2204,75.7778
linucb-bias-only(a=0.1),1130,75.1622,73.8603,76.4641
linucb-bias-only(a=0.1),1140,75.8743,74.5062,77.2425
linucb-bias-only(a=0.1),1150,76.5515,75.1562,77.9468
linucb-bias-only(a=0.1),1160,77.1788,75.8084,78.5492
linucb-bias-only(a=0.1),1170,77.7813,76.4064,79.1562
linucb-bias-only(a=0.1),1180,78.3984,77.0277,79.7691
linucb-bias-only(a=0.1),1190,78.9903,77.6143,80.3664
linucb-bias-only(a=0.1),1200,79.6206,78.2435,80.9977
linucb-bias-only(a=0.1),1210,80.405,79.0351,81.7749
linucb-bias-only(a=0.1),1220,81.0939,79.7116,82.4762
linucb-bias-only(a=0.1),1230,81.7928,80.3992,83.1864
linucb-bias-only(a=0.1),1240,82.4553,81.0152,83.8953
linucb-bias-only(a=0.1),1250,83.1403,81.6866,84.5939
linucb-bias-only(a=0.1),1260,83.8189,82.3328,85.305
linucb-bias-only(a=0.1),1270,84.5511,83.0558,86.0465
linucb-bias-only(a=0.1),1280,85.2816,83.7645,86.7987
linucb-bias-only(a=0.1),1290,85.9294,84.4161,87.4428
linucb-bias-only(a=0.1),1300,86.568,85.08,88.056
linucb-bias-only(a=0.1),1310,87.1486,85.6494,88.6478
linucb-bias-only(a=0.1),1320,87.9094,86.4007,89.4181
linucb-bias-only(a=0.1),1330,88.5372,87.049,90.0253
linucb-bias-only(a=0.1),1340,89.2522,87.7575,90.7468
linucb-bias-only(a=0.1),1350,90.0288,88.5414,91.5162
linucb-bias-only(a=0.1),1360,90.6926,89.2446,92.1405
linucb-bias-only(a=0.1),1370,91.4234,89.9621,92.8848
linucb-bias-only(a=0.1),1380,92.0031,90.5398,93.4664
linucb-bias-only(a=0.1),1390,92.6768,91.2356,94.118
linucb-bias-only(a=0.1),1400,93.2988,91.8299,94.7677
linucb-bias-only(a=0.1),1410,93.9439,92.472,95.4158
linucb-bias-only(a=0.1),1420,94.5173,93.0464,95.9881
linucb-bias-only(a=0.1),1430,95.1711,93.6917,96.6506
linucb-bias-only(a=0.1),1440,95.8666,94.3891,97.3441
linucb-bias-only(a=0.1),1450,96.5983,95.0814,98.1152
linucb-bias-only(a=0.1),1460,97.1724,95.634,98.7109
linucb-bias-only(a=0.1),1470,97.962,96.3976,99.5263
linucb-bias-only(a=0.1),1480,98.6406,97.0644,100.217
linucb-bias-only(a=0.1),1490,99.2731,97.7121,100.834
linucb-bias-only(a=0.1),1500,99.9641,98.4053,101.523
linucb-bias-only(a=0.1),1510,100.511,98.9336,102.089
linucb-bias-only(a=0.1),1520,101.146,99.5848,102.708
linucb-bias-only(a=0.1),1530,101.721,100.153,103.288
linucb-bias-only(a=0.1),1540,102.381,100.796,103.965
linucb-bias-only(a=0.1),1550,103.036,101.439,104.634
linucb-bias-only(a=0.1),1560,103.766,102.154,105.378
linucb-bias-only(a=0.1),1570,104.287,102.643,105.931
linucb-bias-only(a=0.1),1580,104.972,103.302,106.642
linucb-bias-only(a=0.1),1590,105.667,104.019,107.315
linucb-bias-only(a=0.1),1600,106.276,104.636,107.916
linucb-bias-only(a=0.1),1610,106.952,105.281,108.622
linucb-bias-only(a=0.1),1620,107.619,105.928,109.309
linucb-bias-only(a=0.1),1630,108.295,106.57,110.021
linucb-bias-only(a=0.1),1640,108.988,107.288,110.687
linucb-bias-only(a=0.1),1650,109.595,107.877,111.313
linucb-bias-only(a=0.1),1660,110.245,108.513,111.977
linucb-bias-only(a=0.1),1670,111.004,109.271,112.738
linucb-bias-only(a=0.1),1680,111.655,109.931,113.379
linucb-bias-only(a=0.1),1690,112.336,110.605,114.066
linucb-bias-only(a=0.1),1700,112.888,111.153,114.623
linucb-bias-only(a=0.1),1710,113.574,111.821,115.326
linucb-bias-only(a=0.1),1720,114.248,112.468,116.027
linucb-bias-only(a=0.1),1730,114.893,113.123,116.664
linucb-bias-only(a=0.1),1740,115.568,113.81,117.326
linucb-bias-only(a=0.1),1750,116.17,114.397,117.943
linucb-bias-only(a=0.1),1760,116.797,114.998,118.597
linucb-bias-only(a=0.1),1770,117.402,115.601,119.203
linucb-bias-only(a=0.1),1780,118.048,116.282,119.813
linucb-bias-only(a=0.1),1790,118.66,116.928,120.392
linucb-bias-only(a=0.1),1800,119.411,117.641,121.18
linucb-bias-only(a=0.1),1810,120.115,118.357,121.872
linucb-bias-only(a=0.1),1820,120.77,119.047,122.493
linucb-bias-only(a=0.1),1830,121.387,119.616,123.158
linucb-bias-only(a=0.1),1840,122.017,120.222,123.811
linucb-bias-only(a=0.1),1850,122.721,120.947,124.495
linucb-bias-only(a=0.1),1860,123.334,121.56,125.108
linucb-bias-only(a=0.1),1870,124.02,122.291,125.749
linucb-bias-only(a=0.1),1880,124.574,122.862,126.286
linucb-bias-only(a=0.1),1890,125.173,123.469,126.877
linucb-bias-only(a=0.1),1900,125.747,123.998,127.496
linucb-bias-only(a=0.1),1910,126.438,124.652,128.224
linucb-bias-only(a=0.1),1920,127.117,125.32,128.913
linucb-bias-only(a=0.1),1930,127.663,125.868,129.459
linucb-bias-only(a=0.1),1940,128.373,126.522,130.224
linucb-bias-only(a=0.1),1950,129.078,127.214,130.941
linucb-bias-only(a=0.1),1960,129.748,127.889,131.607
linucb-bias-only(a=0.1),1970,130.369,128.5,132.238
linucb-bias-only(a=0.1),1980,130.966,129.11,132.823
linucb-bias-only(a=0.1),1990,131.682,129.835,133.529
linucb-bias-only(a=0.1),2000,132.33,130.429,134.23
random,1,0.0688727,0.0158558,0.12189
random,10,0.708139,0.571689,0.844589
random,20,1.59619,1.37428,1.81809
random,30,2.57239,2.39317,2.75162
random,40,3.3612,3.16286,3.55954
random,50,4.13172,3.90815,4.35529
random,60,5.05054,4.85728,5.24379
random,70,5.9293,5.72178,6.13682
random,80,6.72951,6.51011,6.94891
random,90,7.67203,7.38299,7.96107
random,100,8.61346,8.31678,8.91015
random,110,9.76523,9.40136,10.1291
random,120,10.7336,10.3286,11.1387
random,130,11.541,11.1129,11.9691
random,140,12.3449,11.854,12.8358
random,150,13.2757,12.7586,13.7928
random,160,14.086,13.529,14.6429
random,170,14.9162,14.398,15.4345
random,180,15.7546,15.2823,16.2269
random,190,16.5486,16.0902,17.007
random,200,17.5073,17.0706,17.944
random,210,18.3439,17.8981,18.7896
random,220,19.0925,18.6041,19.5809
random,230,19.875,19.3531,20.3968
random,240,20.7221,20.1786,21.2656
random,250,21.7006,21.1452,22.256
random,260,22.7192,22.1134,23.3249
random,270,23.6363,23.019,24.2536
random,280,24.6734,23.9961,25.3507
random,290,25.525,24.8095,26.2406
random,300,26.4272,25.6384,27.2161
random,310,27.3857,26.6045,28.1669
random,320,28.3122,27.5437,29.0807
random,330,29.3145,28.5399,30.0891
random,340,30.1654,29.3629,30.9679
random,350,31.0964,30.3199,31.8729
random,360,32.117,31.3126,32.9215
random,370,32.9698,32.1351,33.8045
random,380,33.8632,33.0419,34.6845
random,390,34.7922,33.9467,35.6377
random,400,35.6982,34.8849,36.5115
random,410,36.5917,35.7774,37.406
random,420,37.4943,36.6624,38.3262
random,430,38.2599,37.3782,39.1417
random,440,39.0784,38.2285,39.9284
random,450,39.8949,39.0055,40.7843
random,460,40.823,39.9923,41.6537
random,470,41.7485,40.8987,42.5983
random,480,42.8075,41.9744,43.6406
random,490,43.7111,42.8942,44.528
random,500,44.6318,43.8248,45.4387
random,510,45.6098,44.8267,46.393
random,520,46.4115,45.5977,47.2252
random,530,47.4864,46.5839,48.3889
random,540,48.311,47.3917,49.2303
random,550,49.0836,48.1643,50.003
random,560,50.0506,49.0945,51.0067
random,570,51.0749,50.1277,52.0221
random,580,52.0381,51.0762,52.9999
random,590,52.8816,51.9379,53.8253
random,600,53.6651,52.6746,54.6556
random,610,54.6659,53.6482,55.6836
random,620,55.3789,54.3769,56.3808
random,630,56.2438,55.2155,57.272
random,640,57.1265,56.0846,58.1683
random,650,58.1454,57.1161,59.1746
random,660,58.9941,57.8649,60.1234
random,670,59.8218,58.6813,60.9622
random,680,60.7335,59.5726,61.8943
random,690,61.7467,60.5889,62.9046
random,700,62.8089,61.7295,63.8883
random,710,63.7205,62.6718,64.7693
random,720,64.5936,63.5114,65.6759
random,730,65.3862,64.3081,66.4644
random,740,66.3959,65.383,67.4088
random,750,67.2529,66.1782,68.3276
random,760,68.0659,67.0364,69.0954
random,770,69.0396,67.9838,70.0954
random,780,69.9905,68.8888,71.0922
random,790,70.9209,69.7524,72.0894
random,800,71.9347,70.7616,73.1077
random,810,72.9458,71.7865,74.1051
random,820,73.7567,72.5414,74.972
random,830,74.8025,73.6145,75.9905
random,840,75.7999,74.5933,77.0065
random,850,76.7418,75.5218,77.9617
random,860,77.7262,76.5217,78.9308
random,870,78.666,77.4488,79.8832
random,880,79.4072,78.1369,80.6775
random,890,80.3107,79.0631,81.5584
random,900,81.2352,79.91,82.5604
random,910,82.0286,80.7172,83.3399
random,920,82.9508,81.6335,84.2682
random,930,83.8091,82.5043,85.1139
random,940,84.5977,83.2916,85.9039
random,950,85.4944,84.1318,86.857
random,960,86.341,85.0318,87.6501
random,970,87.2036,85.8533,88.5538
random,980,88.2288,86.8611,89.5965
random,990,89.1372,87.7649,90.5095
random,1000,90.151,88.7492,91.5527
random,1010,90.8947,89.4187,92.3707
random,1020,91.7484,90.2754,93.2215
random,1030,92.7036,91.29,94.1172
random,1040,93.6175,92.1593,95.0757
random,1050,94.5542,93.0893,96.0191
random,1060,95.2953,93.7472,96.8434
random,1070,96.1558,94.58,97.7317
random,1080,96.973,95.322,98.624
random,1090,97.8981,96.27,99.5263
random,1100,98.8165,97.2411,100.392
random,1110,99.6626,98.0702,101.255
random,1120,100.577,98.9592,102.194
random,1130,101.505,99.9333,103.077
random,1140,102.434,100.835,104.034
random,1150,103.247,101.625,104.87
random,1160,104.258,102.621,105.894
random,1170,105.213,103.52,106.906
random,1180,106.289,104.636,107.943
random,1190,107.22,105.543,108.898
random,1200,108.129,106.434,109.823
random,1210,108.921,107.23,110.612
random,1220,109.766,108.071,111.46
random,1230,110.694,108.953,112.434
random,1240,111.565,109.817,113.313
random,1250,112.462,110.689,114.235
random,1260,113.144,111.387,114.9
random,1270,114.058,112.338,115.778
random,1280,114.939,113.2,116.677
random,1290,115.731,113.936,117.526
random,1300,116.633,114.823,118.444
random,1310,117.402,115.62,119.183
random,1320,118.381,116.535,120.227
random,1330,119.231,117.411,121.05
random,1340,120.167,118.408,121.926
random,1350,121.113,119.374,122.853
random,1360,122.044,120.322,123.767
random,1370,122.933,121.245,124.621
random,1380,123.763,122.106,125.421
random,1390,124.752,123.035,126.469
random,1400,125.61,123.854,127.367
random,1410,126.384,124.6,128.169
random,1420,127.289,125.539,129.039
random,1430,128.284,126.491,130.078
random,1440,129.249,127.464,131.034
random,1450,130.22,128.344,132.096
random,1460,131.241,129.378,133.104
random,1470,131.989,130.076,133.901
random,1480,132.964,131.092,134.836
random,1490,133.988,132.133,135.843
random,1500,134.906,133.013,136.799
random,1510,135.644,133.701,137.588
random,1520,136.432,134.463,138.401
random,1530,137.248,135.28,139.216
random,1540,138.096,136.142,140.051
random,1550,138.983,136.975,140.992
random,1560,139.953,137.917,141.988
random,1570,140.935,138.868,143.001
random,1580,141.971,139.916,144.025
random,1590,142.786,140.736,144.836
random,1600,143.579,141.511,145.647
random,1610,144.439,142.343,146.535
random,1620,145.359,143.334,147.383
random,1630,146.274,144.246,148.301
random,1640,147.171,145.087,149.255
random,1650,147.969,145.904,150.034
random,1660,148.816,146.745,150.887
random,1670,149.706,147.687,151.725
random,1680,150.588,148.539,152.637
random,1690,151.515,149.483,153.548
random,1700,152.386,150.345,154.428
random,1710,153.496,151.424,155.568
random,1720,154.27,152.198,156.341
random,1730,155.11,153.002,157.217
random,1740,156.023,154,158.046
random,1750,156.979,154.954,159.005
random,1760,157.863,155.828,159.899
random,1770,158.725,156.683,160.767
random,1780,159.534,157.432,161.635
random,1790,160.612,158.535,162.689
random,1800,161.533,159.47,163.595
random,1810,162.543,160.405,164.681
random,1820,163.343,161.242,165.443
random,1830,164.262,162.145,166.379
random,1840,164.984,162.853,167.114
random,1850,165.899,163.76,168.038
random,1860,166.88,164.743,169.016
random,1870,167.772,165.677,169.867
random,1880,168.612,166.524,170.7
random,1890,169.436,167.357,171.515
random,1900,170.231,168.178,172.285
random,1910,171.218,169.084,173.353
random,1920,172.202,170.056,174.349
random,1930,173.125,170.979,175.271
random,1940,174.128,171.971,176.286
random,1950,175.044,172.873,177.215
random,1960,175.979,173.865,178.093
random,1970,176.95,174.825,179.075
random,1980,177.812,175.669,179.956
random,1990,178.78,176.71,180.851
random,2000,179.742,177.662,181.823
best fixed arm (hindsight),1,0.0525721,0.0300995,0.0750448
best fixed arm (hindsight),10,0.61881,0.518638,0.718982
best fixed arm (hindsight),20,1.32818,1.18515,1.4712
best fixed arm (hindsight),30,1.92608,1.77943,2.07274
best fixed arm (hindsight),40,2.59164,2.43903,2.74426
best fixed arm (hindsight),50,3.17204,2.98346,3.36062
best fixed arm (hindsight),60,3.91539,3.66044,4.17034
best fixed arm (hindsight),70,4.65133,4.41359,4.88907
best fixed arm (hindsight),80,5.30428,5.06423,5.54433
best fixed arm (hindsight),90,5.89546,5.62612,6.16479
best fixed arm (hindsight),100,6.61603,6.3209,6.91117
best fixed arm (hindsight),110,7.31286,6.96406,7.66165
best fixed arm (hindsight),120,8.10044,7.67141,8.52946
best fixed arm (hindsight),130,8.72112,8.30637,9.13586
best fixed arm (hindsight),140,9.3216,8.90602,9.73719
best fixed arm (hindsight),150,9.91982,9.46928,10.3704
best fixed arm (hindsight),160,10.5642,10.0884,11.04
best fixed arm (hindsight),170,11.1651,10.6385,11.6917
best fixed arm (hindsight),180,11.8481,11.3508,12.3455
best fixed arm (hindsight),190,12.4823,11.9768,12.9878
best fixed arm (hindsight),200,13.1451,12.6811,13.609
best fixed arm (hindsight),210,13.7858,13.3179,14.2536
best fixed arm (hindsight),220,14.4003,13.9563,14.8443
best fixed arm (hindsight),230,15.1239,14.6799,15.5678
best fixed arm (hindsight),240,15.7974,15.3593,16.2354
best fixed arm (hindsight),250,16.4454,15.979,16.9117
best fixed arm (hindsight),260,17.0862,16.6008,17.5716
best fixed arm (hindsight),270,17.6854,17.1778,18.1931
best fixed arm (hindsight),280,18.381,17.8211,18.9408
best fixed arm (hindsight),290,18.987,18.4169,19.557
best fixed arm (hindsight),300,19.6633,19.1163,20.2103
best fixed arm (hindsight),310,20.3235,19.7768,20.8701
best fixed arm (hindsight),320,20.9656,20.4391,21.4921
best fixed arm (hindsight),330,21.5744,21.0349,22.1139
best fixed arm (hindsight),340,22.2659,21.7573,22.7745
best fixed arm (hindsight),350,22.9343,22.4089,23.4597
best fixed arm (hindsight),360,23.6183,23.0951,24.1414
best fixed arm (hindsight),370,24.2959,23.7397,24.8522
best fixed arm (hindsight),380,24.9686,24.3991,25.5381
best fixed arm (hindsight),390,25.6541,25.063,26.2453
best fixed arm (hindsight),400,26.3413,25.7362,26.9464
best fixed arm (hindsight),410,27.0634,26.4443,27.6826
best fixed arm (hindsight),420,27.7134,27.0518,28.3749
best fixed arm (hindsight),430,28.3423,27.69,28.9945
best fixed arm (hindsight),440,29.0267,28.3805,29.6729
best fixed arm (hindsight),450,29.6768,29.0183,30.3353
best fixed arm (hindsight),460,30.333,29.6474,31.0186
best fixed arm (hindsight),470,30.9193,30.2126,31.626
best fixed arm (hindsight),480,31.5367,30.8239,32.2494
best fixed arm (hindsight),490,32.0894,31.3584,32.8204
best fixed arm (hindsight),500,32.7533,32.0445,33.462
best fixed arm (hindsight),510,33.4956,32.7443,34.2469
best fixed arm (hindsight),520,34.0866,33.2978,34.8755
best fixed arm (hindsight),530,34.7194,33.928,35.5108
best fixed arm (hindsight),540,35.3457,34.5688,36.1227
best fixed arm (hindsight),550,35.954,35.1456,36.7625
best fixed arm (hindsight),560,36.5551,35.7537,37.3564
best fixed arm (hindsight),570,37.286,36.4527,38.1193
best fixed arm (hindsight),580,37.972,37.1119,38.832
best fixed arm (hindsight),590,38.6652,37.8216,39.5087
best fixed arm (hindsight),600,39.294,38.4309,40.157
best fixed arm (hindsight),610,39.9195,39.0625,40.7765
best fixed arm (hindsight),620,40.5106,39.6805,41.3408
best fixed arm (hindsight),630,41.0884,40.2526,41.9241
best fixed arm (hindsight),640,41.6608,40.8429,42.4787
best fixed arm (hindsight),650,42.4022,41.5789,43.2255
best fixed arm (hindsight),660,43.0784,42.2221,43.9347
best fixed arm (hindsight),670,43.7118,42.8755,44.5481
best fixed arm (hindsight),680,44.4009,43.4973,45.3044
best fixed arm (hindsight),690,45.0641,44.15,45.9782
best fixed arm (hindsight),700,45.8158,44.9352,46.6963
best fixed arm (hindsight),710,46.478,45.5882,47.3678
best fixed arm (hindsight),720,47.0135,46.075,47.952
best fixed arm (hindsight),730,47.5856,46.6716,48.4995
best fixed arm (hindsight),740,48.257,47.3441,49.1698
best fixed arm (hindsight),750,48.8574,47.9568,49.758
best fixed arm (hindsight),760,49.4683,48.5942,50.3424
best fixed arm (hindsight),770,50.1091,49.2174,51.0008
best fixed arm (hindsight),780,50.8731,49.9245,51.8218
best fixed arm (hindsight),790,51.5262,50.5747,52.4776
best fixed arm (hindsight),800,52.1004,51.1324,53.0683
best fixed arm (hindsight),810,52.7891,51.8328,53.7454
best fixed arm (hindsight),820,53.4272,52.4734,54.3811
best fixed arm (hindsight),830,54.0937,53.1336,55.0538
best fixed arm (hindsight),840,54.8062,53.8754,55.7369
best fixed arm (hindsight),850,55.4561,54.5114,56.4008
best fixed arm (hindsight),860,56.1492,55.2042,57.0943
best fixed arm (hindsight),870,56.7443,55.8041,57.6844
best fixed arm (hindsight),880,57.3282,56.351,58.3053
best fixed arm (hindsight),890,57.9941,57.0204,58.9679
best fixed arm (hindsight),900,58.6367,57.6548,59.6186
best fixed arm (hindsight),910,59.3719,58.4086,60.3352
best fixed arm (hindsight),920,60.0751,59.0883,61.0618
best fixed arm (hindsight),930,60.6688,59.6945,61.6432
best fixed arm (hindsight),940,61.3,60.2981,62.3019
best fixed arm (hindsight),950,61.9668,60.9531,62.9806
best fixed arm (hindsight),960,62.6223,61.5879,63.6568
best fixed arm (hindsight),970,63.2433,62.1945,64.2921
best fixed arm (hindsight),980,63.9683,62.8983,65.0383
best fixed arm (hindsight),990,64.6909,63.6385,65.7432
best fixed arm (hindsight),1000,65.3755,64.3178,66.4331
best fixed arm (hindsight),1010,66.0714,65.0217,67.1211
best fixed arm (hindsight),1020,66.8354,65.7517,67.9191
best fixed arm (hindsight),1030,67.4588,66.3698,68.5479
best fixed arm (hindsight),1040,68.0366,66.939,69.1342
best fixed arm (hindsight),1050,68.692,67.5736,69.8103
best fixed arm (hindsight),1060,69.3037,68.1824,70.425
best fixed arm (hindsight),1070,69.9085,68.7858,71.0313
best fixed arm (hindsight),1080,70.5504,69.3799,71.721
best fixed arm (hindsight),1090,71.204,70.0079,72.4001
best fixed arm (hindsight),1100,71.7536,70.5528,72.9545
best fixed arm (hindsight),1110,72.421,71.2206,73.6214
best fixed arm (hindsight),1120,73.1998,71.9329,74.4667
best fixed arm (hindsight),1130,73.8629,72.5785,75.1473
best fixed arm (hindsight),1140,74.5692,73.2225,75.9159
best fixed arm (hindsight),1150,75.2463,73.8764,76.6163
best fixed arm (hindsight),1160,75.8823,74.5264,77.2381
best fixed arm (hindsight),1170,76.4956,75.1253,77.8659
best fixed arm (hindsight),1180,77.1183,75.7478,78.4888
best fixed arm (hindsight),1190,77.7066,76.3333,79.0799
best fixed arm (hindsight),1200,78.3273,76.9578,79.6967
best fixed arm (hindsight),1210,79.0745,77.7225,80.4265
best fixed arm (hindsight),1220,79.7771,78.4122,81.1421
best fixed arm (hindsight),1230,80.4937,79.1147,81.8726
best fixed arm (hindsight),1240,81.098,79.6839,82.5121
best fixed arm (hindsight),1250,81.7972,80.3665,83.2279
best fixed arm (hindsight),1260,82.491,81.0325,83.9495
best fixed arm (hindsight),1270,83.2185,81.7561,84.6809
best fixed arm (hindsight),1280,83.9567,82.4749,85.4384
best fixed arm (hindsight),1290,84.6016,83.1198,86.0833
best fixed arm (hindsight),1300,85.2384,83.7785,86.6983
best fixed arm (hindsight),1310,85.8074,84.3447,87.2701
best fixed arm (hindsight),1320,86.5258,85.059,87.9925
best fixed arm (hindsight),1330,87.127,85.6767,88.5774
best fixed arm (hindsight),1340,87.8402,86.3858,89.2946
best fixed arm (hindsight),1350,88.6285,87.1747,90.0824
best fixed arm (hindsight),1360,89.2899,87.8723,90.7074
best fixed arm (hindsight),1370,90.0198,88.5887,91.451
best fixed arm (hindsight),1380,90.6147,89.1923,92.0371
best fixed arm (hindsight),1390,91.3267,89.9395,92.7138
best fixed arm (hindsight),1400,91.9797,90.5763,93.383
best fixed arm (hindsight),1410,92.5813,91.1664,93.9962
best fixed arm (hindsight),1420,93.1771,91.7662,94.588
best fixed arm (hindsight),1430,93.8643,92.4391,95.2895
best fixed arm (hindsight),1440,94.5861,93.1592,96.0131
best fixed arm (hindsight),1450,95.3247,93.8729,96.7764
best fixed arm (hindsight),1460,95.8872,94.4142,97.3602
best fixed arm (hindsight),1470,96.6541,95.1546,98.1537
best fixed arm (hindsight),1480,97.3263,95.8309,98.8217
best fixed arm (hindsight),1490,97.9621,96.4761,99.4482
best fixed arm (hindsight),1500,98.6395,97.1642,100.115
best fixed arm (hindsight),1510,99.1957,97.7008,100.691
best fixed arm (hindsight),1520,99.8049,98.3212,101.289
best fixed arm (hindsight),1530,100.362,98.8728,101.851
best fixed arm (hindsight),1540,101.011,99.5157,102.507
best fixed arm (hindsight),1550,101.678,100.168,103.189
best fixed arm (hindsight),1560,102.389,100.863,103.914
best fixed arm (hindsight),1570,102.922,101.368,104.477
best fixed arm (hindsight),1580,103.634,102.048,105.22
best fixed arm (hindsight),1590,104.292,102.731,105.853
best fixed arm (hindsight),1600,104.871,103.329,106.413
best fixed arm (hindsight),1610,105.547,103.972,107.121
best fixed arm (hindsight),1620,106.213,104.62,107.807
best fixed arm (hindsight),1630,106.89,105.266,108.514
best fixed arm (hindsight),1640,107.582,105.984,109.181
best fixed arm (hindsight),1650,108.198,106.582,109.815
best fixed arm (hindsight),1660,108.898,107.26,110.536
best fixed arm (hindsight),1670,109.652,108.01,111.294
best fixed arm (hindsight),1680,110.346,108.718,111.973
best fixed arm (hindsight),1690,110.984,109.348,112.62
best fixed arm (hindsight),1700,111.547,109.905,113.189
best fixed arm (hindsight),1710,112.237,110.59,113.884
best fixed arm (hindsight),1720,112.905,111.228,114.582
best fixed arm (hindsight),1730,113.577,111.911,115.243
best fixed arm (hindsight),1740,114.265,112.604,115.927
best fixed arm (hindsight),1750,114.867,113.188,116.546
best fixed arm (hindsight),1760,115.48,113.778,117.182
best fixed arm (hindsight),1770,116.077,114.377,117.776
best fixed arm (hindsight),1780,116.736,115.072,118.401
best fixed arm (hindsight),1790,117.392,115.756,119.028
best fixed arm (hindsight),1800,118.126,116.457,119.795
best fixed arm (hindsight),1810,118.806,117.155,120.457
best fixed arm (hindsight),1820,119.474,117.859,121.089
best fixed arm (hindsight),1830,120.089,118.435,121.743
best fixed arm (hindsight),1840,120.709,119.02,122.399
best fixed arm (hindsight),1850,121.431,119.755,123.106
best fixed arm (hindsight),1860,122.04,120.364,123.716
best fixed arm (hindsight),1870,122.683,121.055,124.31
best fixed arm (hindsight),1880,123.209,121.614,124.804
best fixed arm (hindsight),1890,123.843,122.252,125.434
best fixed arm (hindsight),1900,124.415,122.787,126.044
best fixed arm (hindsight),1910,125.098,123.433,126.763
best fixed arm (hindsight),1920,125.722,124.052,127.391
best fixed arm (hindsight),1930,126.274,124.605,127.943
best fixed arm (hindsight),1940,126.977,125.254,128.699
best fixed arm (hindsight),1950,127.681,125.937,129.426
best fixed arm (hindsight),1960,128.355,126.608,130.101
best fixed arm (hindsight),1970,128.976,127.218,130.735
best fixed arm (hindsight),1980,129.573,127.824,131.323
best fixed arm (hindsight),1990,130.289,128.545,132.032
best fixed arm (hindsight),2000,130.936,129.153,132.719
