arm,query_id,focus_doc,focus_rank,focus_slot,focus_retrieved,target_retrieved,best_passage_kind,best_passage_new,n_shown,n_shown_new,shown_new,title_changed,description_changed
baseline,s3-comp-01,b41c59fcb2e0,1,1,True,True,body,False,3,0,False,False,False
baseline,s3-tran-01,b41c59fcb2e0,2,2,True,True,body,False,3,0,False,False,False
baseline,s3-trou-01,b41c59fcb2e0,1,1,True,True,body,False,3,0,False,False,False
baseline,s3-info-01,baf916977aa2,2,2,True,True,body,False,3,0,False,False,False
baseline,s3-tran-02,baf916977aa2,1,1,True,True,body,False,3,0,False,False,False
baseline,s3-trou-02,baf916977aa2,3,3,True,True,head,False,3,0,False,False,False
baseline,s3-info-02,96c105e5400c,1,1,True,True,body,False,3,0,False,False,False
baseline,s3-comp-02,96c105e5400c,1,1,True,True,body,False,3,0,False,False,False
baseline,s3-trou-03,96c105e5400c,1,1,True,True,body,False,3,0,False,False,False
baseline,s3-info-03,21fb30346f35,1,1,True,True,body,False,3,0,False,False,False
baseline,s3-comp-03,21fb30346f35,1,1,True,True,body,False,3,0,False,False,False
baseline,s3-tran-03,21fb30346f35,1,1,True,True,body,False,3,0,False,False,False
baseline,s3-comp-04,1daf8466e88a,2,2,True,True,body,False,3,0,False,False,False
baseline,s3-tran-04,44084e8d0a55,2,2,True,True,body,False,3,0,False,False,False
baseline,s3-trou-04,44084e8d0a55,5,5,True,True,body,False,3,0,False,False,False
baseline,s3-info-04,6d34f770bef1,3,3,True,True,body,False,3,0,False,False,False
baseline,s3-tran-05,6d34f770bef1,2,2,True,True,body,False,3,0,False,False,False
baseline,s3-trou-05,6d34f770bef1,1,1,True,True,body,False,3,0,False,False,False
baseline,s3-info-05,f416cdb602aa,1,1,True,True,body,False,3,0,False,False,False
baseline,s3-comp-05,f416cdb602aa,1,1,True,True,body,False,3,0,False,False,False
baseline,s3-trou-06,f416cdb602aa,3,3,True,True,body,False,3,0,False,False,False
baseline,s3-info-06,0a8b4cbfd175,1,1,True,True,body,False,3,0,False,False,False
baseline,s3-comp-06,baf916977aa2,1,1,True,True,body,False,3,0,False,False,False
baseline,s3-tran-06,baa1726cb87a,2,2,True,True,body,False,3,0,False,False,False
baseline,s3-comp-07,b19cb69ab942,2,2,True,True,head,False,3,0,False,False,False
baseline,s3-tran-07,b19cb69ab942,1,1,True,True,body,False,3,0,False,False,False
baseline,s3-trou-07,1daf8466e88a,1,1,True,True,body,False,3,0,False,False,False
baseline,s3-info-07,4abe88d5bd5d,2,2,True,True,body,False,3,0,False,False,False
baseline,s3-tran-08,4abe88d5bd5d,1,1,True,True,body,False,3,0,False,False,False
baseline,s3-trou-08,4abe88d5bd5d,2,2,True,True,body,False,3,0,False,False,False
baseline,s3-info-08,ba8a4a013889,3,3,True,True,head,False,3,0,False,False,False
baseline,s3-comp-08,ba8a4a013889,2,2,True,True,body,False,3,0,False,False,False
baseline,s3-trou-09,ba8a4a013889,1,1,True,True,body,False,3,0,False,False,False
baseline,s3-info-09,baa1726cb87a,1,1,True,True,body,False,3,0,False,False,False
baseline,s3-comp-09,baa1726cb87a,1,1,True,True,body,False,3,0,False,False,False
baseline,s3-tran-09,b41c59fcb2e0,2,2,True,True,body,False,3,0,False,False,False
baseline,s3-comp-10,1304b2be9547,2,2,True,True,body,False,3,0,False,False,False
baseline,s3-tran-10,1304b2be9547,1,1,True,True,body,False,3,0,False,False,False
baseline,s3-trou-10,1304b2be9547,2,2,True,True,body,False,3,0,False,False,False
baseline,s3-info-10,44084e8d0a55,2,2,True,True,body,False,3,0,False,False,False
baseline,s3-tran-11,1daf8466e88a,2,2,True,True,body,False,3,0,False,False,False
baseline,s3-trou-11,44084e8d0a55,1,1,True,True,body,False,3,0,False,False,False
baseline,s3-info-11,e6d53256b798,1,1,True,True,body,False,3,0,False,False,False
baseline,s3-comp-11,e6d53256b798,1,1,True,True,body,False,3,0,False,False,False
baseline,s3-trou-12,6d34f770bef1,2,2,True,True,body,False,3,0,False,False,False
baseline,s3-info-12,72e6a1c8a458,1,1,True,True,body,False,3,0,False,False,False
baseline,s3-comp-12,72e6a1c8a458,2,2,True,True,body,False,3,0,False,False,False
baseline,s3-tran-12,72e6a1c8a458,3,3,True,True,body,False,3,0,False,False,False
baseline,s3-comp-13,5707ebc75771,1,1,True,True,body,False,3,0,False,False,False
baseline,s3-tran-13,5707ebc75771,1,1,True,True,body,False,3,0,False,False,False
baseline,s3-trou-13,ba8a4a013889,2,2,True,True,body,False,3,0,False,False,False
baseline,s3-info-13,5c7425502f0e,2,2,True,True,body,False,3,0,False,False,False
baseline,s3-tran-14,5c7425502f0e,2,2,True,True,body,False,3,0,False,False,False
baseline,s3-trou-14,5c7425502f0e,1,1,True,True,body,False,3,0,False,False,False
baseline,s3-info-14,c946a6d27921,3,3,True,True,body,False,3,0,False,False,False
baseline,s3-comp-14,c946a6d27921,2,2,True,True,body,False,3,0,False,False,False
baseline,s3-trou-15,c946a6d27921,1,1,True,True,body,False,3,0,False,False,False
baseline,s3-info-15,43ddf48c5681,1,1,True,True,body,False,3,0,False,False,False
baseline,s3-comp-15,43ddf48c5681,1,1,True,True,body,False,3,0,False,False,False
baseline,s3-tran-15,ab321b55d147,1,1,True,True,body,False,3,0,False,False,False
baseline,s3-comp-16,d75d1cd34b38,4,4,True,True,head,False,3,0,False,False,False
baseline,s3-tran-16,d75d1cd34b38,2,2,True,True,body,False,3,0,False,False,False
baseline,s3-trou-16,d75d1cd34b38,1,1,True,True,body,False,3,0,False,False,False
baseline,s3-info-16,19e3e9489af7,1,1,True,True,body,False,3,0,False,False,False
baseline,s3-tran-17,19e3e9489af7,2,2,True,True,body,False,3,0,False,False,False
baseline,s3-trou-17,19e3e9489af7,1,1,True,True,body,False,3,0,False,False,False
baseline,s3-info-17,ab321b55d147,2,2,True,True,body,False,3,0,False,False,False
baseline,s3-comp-17,ab321b55d147,3,3,True,True,head,False,3,0,False,False,False
baseline,s3-trou-18,ab321b55d147,5,5,True,True,body,False,3,0,False,False,False
baseline,s3-info-18,ca42a18ad475,1,1,True,True,body,False,3,0,False,False,False
baseline,s3-comp-18,1304b2be9547,3,3,True,True,body,False,3,0,False,False,False
baseline,s3-tran-18,f416cdb602aa,3,3,True,True,body,False,3,0,False,False,False
noop,s3-comp-01,b41c59fcb2e0,1,1,True,True,body,False,3,0,False,False,False
noop,s3-tran-01,b41c59fcb2e0,2,2,True,True,body,False,3,0,False,False,False
noop,s3-trou-01,b41c59fcb2e0,1,1,True,True,body,False,3,0,False,False,False
noop,s3-info-01,baf916977aa2,2,2,True,True,body,False,3,0,False,False,False
noop,s3-tran-02,baf916977aa2,1,1,True,True,body,False,3,0,False,False,False
noop,s3-trou-02,baf916977aa2,3,3,True,True,head,False,3,0,False,False,False
noop,s3-info-02,96c105e5400c,1,1,True,True,body,False,3,0,False,False,False
noop,s3-comp-02,96c105e5400c,1,1,True,True,body,False,3,0,False,False,False
noop,s3-trou-03,96c105e5400c,1,1,True,True,body,False,3,0,False,False,False
noop,s3-info-03,21fb30346f35,1,1,True,True,body,False,3,0,False,False,False
noop,s3-comp-03,21fb30346f35,1,1,True,True,body,False,3,0,False,False,False
noop,s3-tran-03,21fb30346f35,1,1,True,True,body,False,3,0,False,False,False
noop,s3-comp-04,1daf8466e88a,2,2,True,True,body,False,3,0,False,False,False
noop,s3-tran-04,44084e8d0a55,2,2,True,True,body,False,3,0,False,False,False
noop,s3-trou-04,44084e8d0a55,5,5,True,True,body,False,3,0,False,False,False
noop,s3-info-04,6d34f770bef1,3,3,True,True,body,False,3,0,False,False,False
noop,s3-tran-05,6d34f770bef1,2,2,True,True,body,False,3,0,False,False,False
noop,s3-trou-05,6d34f770bef1,1,1,True,True,body,False,3,0,False,False,False
noop,s3-info-05,f416cdb602aa,1,1,True,True,body,False,3,0,False,False,False
noop,s3-comp-05,f416cdb602aa,1,1,True,True,body,False,3,0,False,False,False
noop,s3-trou-06,f416cdb602aa,3,3,True,True,body,False,3,0,False,False,False
noop,s3-info-06,0a8b4cbfd175,1,1,True,True,body,False,3,0,False,False,False
noop,s3-comp-06,baf916977aa2,1,1,True,True,body,False,3,0,False,False,False
noop,s3-tran-06,baa1726cb87a,2,2,True,True,body,False,3,0,False,False,False
noop,s3-comp-07,b19cb69ab942,2,2,True,True,head,False,3,0,False,False,False
noop,s3-tran-07,b19cb69ab942,1,1,True,True,body,False,3,0,False,False,False
noop,s3-trou-07,1daf8466e88a,1,1,True,True,body,False,3,0,False,False,False
noop,s3-info-07,4abe88d5bd5d,2,2,True,True,body,False,3,0,False,False,False
noop,s3-tran-08,4abe88d5bd5d,1,1,True,True,body,False,3,0,False,False,False
noop,s3-trou-08,4abe88d5bd5d,2,2,True,True,body,False,3,0,False,False,False
noop,s3-info-08,ba8a4a013889,3,3,True,True,head,False,3,0,False,False,False
noop,s3-comp-08,ba8a4a013889,2,2,True,True,body,False,3,0,False,False,False
noop,s3-trou-09,ba8a4a013889,1,1,True,True,body,False,3,0,False,False,False
noop,s3-info-09,baa1726cb87a,1,1,True,True,body,False,3,0,False,False,False
noop,s3-comp-09,baa1726cb87a,1,1,True,True,body,False,3,0,False,False,False
noop,s3-tran-09,b41c59fcb2e0,2,2,True,True,body,False,3,0,False,False,False
noop,s3-comp-10,1304b2be9547,2,2,True,True,body,False,3,0,False,False,False
noop,s3-tran-10,1304b2be9547,1,1,True,True,body,False,3,0,False,False,False
noop,s3-trou-10,1304b2be9547,2,2,True,True,body,False,3,0,False,False,False
noop,s3-info-10,44084e8d0a55,2,2,True,True,body,False,3,0,False,False,False
noop,s3-tran-11,1daf8466e88a,2,2,True,True,body,False,3,0,False,False,False
noop,s3-trou-11,44084e8d0a55,1,1,True,True,body,False,3,0,False,False,False
noop,s3-info-11,e6d53256b798,1,1,True,True,body,False,3,0,False,False,False
noop,s3-comp-11,e6d53256b798,1,1,True,True,body,False,3,0,False,False,False
noop,s3-trou-12,6d34f770bef1,2,2,True,True,body,False,3,0,False,False,False
noop,s3-info-12,72e6a1c8a458,1,1,True,True,body,False,3,0,False,False,False
noop,s3-comp-12,72e6a1c8a458,2,2,True,True,body,False,3,0,False,False,False
noop,s3-tran-12,72e6a1c8a458,3,3,True,True,body,False,3,0,False,False,False
noop,s3-comp-13,5707ebc75771,1,1,True,True,body,False,3,0,False,False,False
noop,s3-tran-13,5707ebc75771,1,1,True,True,body,False,3,0,False,False,False
noop,s3-trou-13,ba8a4a013889,2,2,True,True,body,False,3,0,False,False,False
noop,s3-info-13,5c7425502f0e,2,2,True,True,body,False,3,0,False,False,False
noop,s3-tran-14,5c7425502f0e,2,2,True,True,body,False,3,0,False,False,False
noop,s3-trou-14,5c7425502f0e,1,1,True,True,body,False,3,0,False,False,False
noop,s3-info-14,c946a6d27921,3,3,True,True,body,False,3,0,False,False,False
noop,s3-comp-14,c946a6d27921,2,2,True,True,body,False,3,0,False,False,False
noop,s3-trou-15,c946a6d27921,1,1,True,True,body,False,3,0,False,False,False
noop,s3-info-15,43ddf48c5681,1,1,True,True,body,False,3,0,False,False,False
noop,s3-comp-15,43ddf48c5681,1,1,True,True,body,False,3,0,False,False,False
noop,s3-tran-15,ab321b55d147,1,1,True,True,body,False,3,0,False,False,False
noop,s3-comp-16,d75d1cd34b38,4,4,True,True,head,False,3,0,False,False,False
noop,s3-tran-16,d75d1cd34b38,2,2,True,True,body,False,3,0,False,False,False
noop,s3-trou-16,d75d1cd34b38,1,1,True,True,body,False,3,0,False,False,False
noop,s3-info-16,19e3e9489af7,1,1,True,True,body,False,3,0,False,False,False
noop,s3-tran-17,19e3e9489af7,2,2,True,True,body,False,3,0,False,False,False
noop,s3-trou-17,19e3e9489af7,1,1,True,True,body,False,3,0,False,False,False
noop,s3-info-17,ab321b55d147,2,2,True,True,body,False,3,0,False,False,False
noop,s3-comp-17,ab321b55d147,3,3,True,True,head,False,3,0,False,False,False
noop,s3-trou-18,ab321b55d147,5,5,True,True,body,False,3,0,False,False,False
noop,s3-info-18,ca42a18ad475,1,1,True,True,body,False,3,0,False,False,False
noop,s3-comp-18,1304b2be9547,3,3,True,True,body,False,3,0,False,False,False
noop,s3-tran-18,f416cdb602aa,3,3,True,True,body,False,3,0,False,False,False
aa_resample,s3-comp-01,b41c59fcb2e0,1,1,True,True,body,False,3,0,False,False,False
aa_resample,s3-tran-01,b41c59fcb2e0,2,2,True,True,body,False,3,0,False,False,False
aa_resample,s3-trou-01,b41c59fcb2e0,1,1,True,True,body,False,3,0,False,False,False
aa_resample,s3-info-01,baf916977aa2,2,2,True,True,body,False,3,0,False,False,False
aa_resample,s3-tran-02,baf916977aa2,1,1,True,True,body,False,3,0,False,False,False
aa_resample,s3-trou-02,baf916977aa2,3,3,True,True,head,False,3,0,False,False,False
aa_resample,s3-info-02,96c105e5400c,1,1,True,True,body,False,3,0,False,False,False
aa_resample,s3-comp-02,96c105e5400c,1,1,True,True,body,False,3,0,False,False,False
aa_resample,s3-trou-03,96c105e5400c,1,1,True,True,body,False,3,0,False,False,False
aa_resample,s3-info-03,21fb30346f35,1,1,True,True,body,False,3,0,False,False,False
aa_resample,s3-comp-03,21fb30346f35,1,1,True,True,body,False,3,0,False,False,False
aa_resample,s3-tran-03,21fb30346f35,1,1,True,True,body,False,3,0,False,False,False
aa_resample,s3-comp-04,1daf8466e88a,2,2,True,True,body,False,3,0,False,False,False
aa_resample,s3-tran-04,44084e8d0a55,2,2,True,True,body,False,3,0,False,False,False
aa_resample,s3-trou-04,44084e8d0a55,5,5,True,True,body,False,3,0,False,False,False
aa_resample,s3-info-04,6d34f770bef1,3,3,True,True,body,False,3,0,False,False,False
aa_resample,s3-tran-05,6d34f770bef1,2,2,True,True,body,False,3,0,False,False,False
aa_resample,s3-trou-05,6d34f770bef1,1,1,True,True,body,False,3,0,False,False,False
aa_resample,s3-info-05,f416cdb602aa,1,1,True,True,body,False,3,0,False,False,False
aa_resample,s3-comp-05,f416cdb602aa,1,1,True,True,body,False,3,0,False,False,False
aa_resample,s3-trou-06,f416cdb602aa,3,3,True,True,body,False,3,0,False,False,False
aa_resample,s3-info-06,0a8b4cbfd175,1,1,True,True,body,False,3,0,False,False,False
aa_resample,s3-comp-06,baf916977aa2,1,1,True,True,body,False,3,0,False,False,False
aa_resample,s3-tran-06,baa1726cb87a,2,2,True,True,body,False,3,0,False,False,False
aa_resample,s3-comp-07,b19cb69ab942,2,2,True,True,head,False,3,0,False,False,False
aa_resample,s3-tran-07,b19cb69ab942,1,1,True,True,body,False,3,0,False,False,False
aa_resample,s3-trou-07,1daf8466e88a,1,1,True,True,body,False,3,0,False,False,False
aa_resample,s3-info-07,4abe88d5bd5d,2,2,True,True,body,False,3,0,False,False,False
aa_resample,s3-tran-08,4abe88d5bd5d,1,1,True,True,body,False,3,0,False,False,False
aa_resample,s3-trou-08,4abe88d5bd5d,2,2,True,True,body,False,3,0,False,False,False
aa_resample,s3-info-08,ba8a4a013889,3,3,True,True,head,False,3,0,False,False,False
aa_resample,s3-comp-08,ba8a4a013889,2,2,True,True,body,False,3,0,False,False,False
aa_resample,s3-trou-09,ba8a4a013889,1,1,True,True,body,False,3,0,False,False,False
aa_resample,s3-info-09,baa1726cb87a,1,1,True,True,body,False,3,0,False,False,False
aa_resample,s3-comp-09,baa1726cb87a,1,1,True,True,body,False,3,0,False,False,False
aa_resample,s3-tran-09,b41c59fcb2e0,2,2,True,True,body,False,3,0,False,False,False
aa_resample,s3-comp-10,1304b2be9547,2,2,True,True,body,False,3,0,False,False,False
aa_resample,s3-tran-10,1304b2be9547,1,1,True,True,body,False,3,0,False,False,False
aa_resample,s3-trou-10,1304b2be9547,2,2,True,True,body,False,3,0,False,False,False
aa_resample,s3-info-10,44084e8d0a55,2,2,True,True,body,False,3,0,False,False,False
aa_resample,s3-tran-11,1daf8466e88a,2,2,True,True,body,False,3,0,False,False,False
aa_resample,s3-trou-11,44084e8d0a55,1,1,True,True,body,False,3,0,False,False,False
aa_resample,s3-info-11,e6d53256b798,1,1,True,True,body,False,3,0,False,False,False
aa_resample,s3-comp-11,e6d53256b798,1,1,True,True,body,False,3,0,False,False,False
aa_resample,s3-trou-12,6d34f770bef1,2,2,True,True,body,False,3,0,False,False,False
aa_resample,s3-info-12,72e6a1c8a458,1,1,True,True,body,False,3,0,False,False,False
aa_resample,s3-comp-12,72e6a1c8a458,2,2,True,True,body,False,3,0,False,False,False
aa_resample,s3-tran-12,72e6a1c8a458,3,3,True,True,body,False,3,0,False,False,False
aa_resample,s3-comp-13,5707ebc75771,1,1,True,True,body,False,3,0,False,False,False
aa_resample,s3-tran-13,5707ebc75771,1,1,True,True,body,False,3,0,False,False,False
aa_resample,s3-trou-13,ba8a4a013889,2,2,True,True,body,False,3,0,False,False,False
aa_resample,s3-info-13,5c7425502f0e,2,2,True,True,body,False,3,0,False,False,False
aa_resample,s3-tran-14,5c7425502f0e,2,2,True,True,body,False,3,0,False,False,False
aa_resample,s3-trou-14,5c7425502f0e,1,1,True,True,body,False,3,0,False,False,False
aa_resample,s3-info-14,c946a6d27921,3,3,True,True,body,False,3,0,False,False,False
aa_resample,s3-comp-14,c946a6d27921,2,2,True,True,body,False,3,0,False,False,False
aa_resample,s3-trou-15,c946a6d27921,1,1,True,True,body,False,3,0,False,False,False
aa_resample,s3-info-15,43ddf48c5681,1,1,True,True,body,False,3,0,False,False,False
aa_resample,s3-comp-15,43ddf48c5681,1,1,True,True,body,False,3,0,False,False,False
aa_resample,s3-tran-15,ab321b55d147,1,1,True,True,body,False,3,0,False,False,False
aa_resample,s3-comp-16,d75d1cd34b38,4,4,True,True,head,False,3,0,False,False,False
aa_resample,s3-tran-16,d75d1cd34b38,2,2,True,True,body,False,3,0,False,False,False
aa_resample,s3-trou-16,d75d1cd34b38,1,1,True,True,body,False,3,0,False,False,False
aa_resample,s3-info-16,19e3e9489af7,1,1,True,True,body,False,3,0,False,False,False
aa_resample,s3-tran-17,19e3e9489af7,2,2,True,True,body,False,3,0,False,False,False
aa_resample,s3-trou-17,19e3e9489af7,1,1,True,True,body,False,3,0,False,False,False
aa_resample,s3-info-17,ab321b55d147,2,2,True,True,body,False,3,0,False,False,False
aa_resample,s3-comp-17,ab321b55d147,3,3,True,True,head,False,3,0,False,False,False
aa_resample,s3-trou-18,ab321b55d147,5,5,True,True,body,False,3,0,False,False,False
aa_resample,s3-info-18,ca42a18ad475,1,1,True,True,body,False,3,0,False,False,False
aa_resample,s3-comp-18,1304b2be9547,3,3,True,True,body,False,3,0,False,False,False
aa_resample,s3-tran-18,f416cdb602aa,3,3,True,True,body,False,3,0,False,False,False
fact_passage,s3-comp-01,b41c59fcb2e0,1,1,True,True,body,True,3,3,True,False,False
fact_passage,s3-tran-01,b41c59fcb2e0,3,3,True,True,body,True,3,2,True,False,False
fact_passage,s3-trou-01,b41c59fcb2e0,1,1,True,True,body,False,3,2,True,False,False
fact_passage,s3-info-01,baf916977aa2,2,2,True,True,body,True,3,2,True,False,False
fact_passage,s3-tran-02,baf916977aa2,1,1,True,True,body,False,3,2,True,False,False
fact_passage,s3-trou-02,baf916977aa2,3,3,True,True,head,False,3,2,True,False,False
fact_passage,s3-info-02,96c105e5400c,1,1,True,True,body,True,3,3,True,False,False
fact_passage,s3-comp-02,96c105e5400c,1,1,True,True,body,True,3,3,True,False,False
fact_passage,s3-trou-03,96c105e5400c,1,1,True,True,body,True,3,3,True,False,False
fact_passage,s3-info-03,21fb30346f35,1,1,True,True,body,True,3,3,True,False,False
fact_passage,s3-comp-03,21fb30346f35,2,2,True,True,body,True,3,3,True,False,False
fact_passage,s3-tran-03,21fb30346f35,2,2,True,True,body,True,3,3,True,False,False
fact_passage,s3-comp-04,1daf8466e88a,2,2,True,True,body,False,3,1,True,False,False
fact_passage,s3-tran-04,44084e8d0a55,2,2,True,True,body,True,3,2,True,False,False
fact_passage,s3-trou-04,44084e8d0a55,5,5,True,True,body,False,3,2,True,False,False
fact_passage,s3-info-04,6d34f770bef1,5,5,True,True,body,True,3,3,True,False,False
fact_passage,s3-tran-05,6d34f770bef1,1,1,True,True,body,True,3,3,True,False,False
fact_passage,s3-trou-05,6d34f770bef1,1,1,True,True,body,True,3,3,True,False,False
fact_passage,s3-info-05,f416cdb602aa,1,1,True,True,body,True,3,2,True,False,False
fact_passage,s3-comp-05,f416cdb602aa,1,1,True,True,body,False,3,2,True,False,False
fact_passage,s3-trou-06,f416cdb602aa,3,3,True,True,body,False,3,2,True,False,False
fact_passage,s3-info-06,0a8b4cbfd175,1,1,True,True,body,False,3,1,True,False,False
fact_passage,s3-comp-06,baf916977aa2,1,1,True,True,body,True,3,2,True,False,False
fact_passage,s3-tran-06,baa1726cb87a,4,4,True,True,body,True,3,2,True,False,False
fact_passage,s3-comp-07,b19cb69ab942,2,2,True,True,head,False,3,2,True,False,False
fact_passage,s3-tran-07,b19cb69ab942,1,1,True,True,body,True,3,1,True,False,False
fact_passage,s3-trou-07,1daf8466e88a,1,1,True,True,body,False,3,1,True,False,False
fact_passage,s3-info-07,4abe88d5bd5d,2,2,True,True,body,True,3,1,True,False,False
fact_passage,s3-tran-08,4abe88d5bd5d,1,1,True,True,body,True,3,1,True,False,False
fact_passage,s3-trou-08,4abe88d5bd5d,1,1,True,True,body,True,3,1,True,False,False
fact_passage,s3-info-08,ba8a4a013889,3,3,True,True,head,False,3,3,True,False,False
fact_passage,s3-comp-08,ba8a4a013889,1,1,True,True,body,True,3,3,True,False,False
fact_passage,s3-trou-09,ba8a4a013889,1,1,True,True,body,True,3,3,True,False,False
fact_passage,s3-info-09,baa1726cb87a,3,3,True,True,body,True,3,2,True,False,False
fact_passage,s3-comp-09,baa1726cb87a,2,2,True,True,body,True,3,2,True,False,False
fact_passage,s3-tran-09,b41c59fcb2e0,3,3,True,True,body,True,3,3,True,False,False
fact_passage,s3-comp-10,1304b2be9547,3,3,True,True,body,True,3,3,True,False,False
fact_passage,s3-tran-10,1304b2be9547,1,1,True,True,body,True,3,3,True,False,False
fact_passage,s3-trou-10,1304b2be9547,2,2,True,True,body,True,3,2,True,False,False
fact_passage,s3-info-10,44084e8d0a55,2,2,True,True,body,True,3,2,True,False,False
fact_passage,s3-tran-11,1daf8466e88a,2,2,True,True,body,False,3,1,True,False,False
fact_passage,s3-trou-11,44084e8d0a55,1,1,True,True,body,False,3,2,True,False,False
fact_passage,s3-info-11,e6d53256b798,1,1,True,True,body,False,3,2,True,False,False
fact_passage,s3-comp-11,e6d53256b798,11,,False,True,body,False,0,0,False,,
fact_passage,s3-trou-12,6d34f770bef1,4,4,True,True,body,True,3,3,True,False,False
fact_passage,s3-info-12,72e6a1c8a458,1,1,True,True,body,False,3,2,True,False,False
fact_passage,s3-comp-12,72e6a1c8a458,3,3,True,True,body,True,3,2,True,False,False
fact_passage,s3-tran-12,72e6a1c8a458,3,3,True,True,body,True,3,1,True,False,False
fact_passage,s3-comp-13,5707ebc75771,1,1,True,True,body,False,3,2,True,False,False
fact_passage,s3-tran-13,5707ebc75771,1,1,True,True,body,True,3,2,True,False,False
fact_passage,s3-trou-13,ba8a4a013889,5,5,True,True,body,True,3,2,True,False,False
fact_passage,s3-info-13,5c7425502f0e,6,,False,True,body,True,0,0,False,,
fact_passage,s3-tran-14,5c7425502f0e,2,2,True,True,body,True,3,2,True,False,False
fact_passage,s3-trou-14,5c7425502f0e,,,False,False,,,0,0,False,,
fact_passage,s3-info-14,c946a6d27921,3,3,True,True,body,True,3,2,True,False,False
fact_passage,s3-comp-14,c946a6d27921,2,2,True,True,body,True,3,2,True,False,False
fact_passage,s3-trou-15,c946a6d27921,1,1,True,True,body,False,3,1,True,False,False
fact_passage,s3-info-15,43ddf48c5681,1,1,True,True,body,True,3,3,True,False,False
fact_passage,s3-comp-15,43ddf48c5681,5,5,True,True,head,False,3,3,True,False,False
fact_passage,s3-tran-15,ab321b55d147,1,1,True,True,body,False,3,1,True,False,False
fact_passage,s3-comp-16,d75d1cd34b38,4,4,True,True,head,False,3,3,True,False,False
fact_passage,s3-tran-16,d75d1cd34b38,4,4,True,True,body,True,3,3,True,False,False
fact_passage,s3-trou-16,d75d1cd34b38,2,2,True,True,head,False,3,3,True,False,False
fact_passage,s3-info-16,19e3e9489af7,1,1,True,True,body,True,3,2,True,False,False
fact_passage,s3-tran-17,19e3e9489af7,2,2,True,True,body,False,3,1,True,False,False
fact_passage,s3-trou-17,19e3e9489af7,2,2,True,True,body,True,3,2,True,False,False
fact_passage,s3-info-17,ab321b55d147,2,2,True,True,body,False,3,1,True,False,False
fact_passage,s3-comp-17,ab321b55d147,3,3,True,True,head,False,3,1,True,False,False
fact_passage,s3-trou-18,ab321b55d147,5,5,True,True,body,False,3,2,True,False,False
fact_passage,s3-info-18,ca42a18ad475,1,1,True,True,body,True,3,2,True,False,False
fact_passage,s3-comp-18,1304b2be9547,3,3,True,True,body,False,3,2,True,False,False
fact_passage,s3-tran-18,f416cdb602aa,3,3,True,True,body,False,3,1,True,False,False
entity_anchor,s3-comp-01,b41c59fcb2e0,1,1,True,True,body,False,3,1,True,False,False
entity_anchor,s3-tran-01,b41c59fcb2e0,2,2,True,True,body,False,3,0,False,False,False
entity_anchor,s3-trou-01,b41c59fcb2e0,1,1,True,True,body,False,3,0,False,False,False
entity_anchor,s3-info-01,baf916977aa2,2,2,True,True,body,False,3,2,True,False,False
entity_anchor,s3-tran-02,baf916977aa2,1,1,True,True,body,True,3,2,True,False,False
entity_anchor,s3-trou-02,baf916977aa2,3,3,True,True,head,False,3,2,True,False,False
entity_anchor,s3-info-02,96c105e5400c,1,1,True,True,body,True,3,1,True,False,False
entity_anchor,s3-comp-02,96c105e5400c,1,1,True,True,body,False,3,1,True,False,False
entity_anchor,s3-trou-03,96c105e5400c,1,1,True,True,body,False,3,1,True,False,False
entity_anchor,s3-info-03,21fb30346f35,1,1,True,True,body,False,3,1,True,False,False
entity_anchor,s3-comp-03,21fb30346f35,1,1,True,True,body,False,3,1,True,False,False
entity_anchor,s3-tran-03,21fb30346f35,1,1,True,True,body,False,3,1,True,False,False
entity_anchor,s3-comp-04,1daf8466e88a,2,2,True,True,body,False,3,0,False,False,False
entity_anchor,s3-tran-04,44084e8d0a55,2,2,True,True,body,False,3,1,True,False,False
entity_anchor,s3-trou-04,44084e8d0a55,5,5,True,True,body,False,3,1,True,False,False
entity_anchor,s3-info-04,6d34f770bef1,3,3,True,True,body,False,3,0,False,False,False
entity_anchor,s3-tran-05,6d34f770bef1,2,2,True,True,body,False,3,0,False,False,False
entity_anchor,s3-trou-05,6d34f770bef1,1,1,True,True,body,False,3,0,False,False,False
entity_anchor,s3-info-05,f416cdb602aa,1,1,True,True,body,False,3,0,False,False,False
entity_anchor,s3-comp-05,f416cdb602aa,1,1,True,True,body,False,3,0,False,False,False
entity_anchor,s3-trou-06,f416cdb602aa,3,3,True,True,body,False,3,0,False,False,False
entity_anchor,s3-info-06,0a8b4cbfd175,1,1,True,True,body,False,3,0,False,False,False
entity_anchor,s3-comp-06,baf916977aa2,1,1,True,True,body,False,3,2,True,False,False
entity_anchor,s3-tran-06,baa1726cb87a,2,2,True,True,body,False,3,0,False,False,False
entity_anchor,s3-comp-07,b19cb69ab942,2,2,True,True,head,False,3,0,False,False,False
entity_anchor,s3-tran-07,b19cb69ab942,1,1,True,True,body,False,3,0,False,False,False
entity_anchor,s3-trou-07,1daf8466e88a,1,1,True,True,body,False,3,0,False,False,False
entity_anchor,s3-info-07,4abe88d5bd5d,2,2,True,True,body,False,3,0,False,False,False
entity_anchor,s3-tran-08,4abe88d5bd5d,1,1,True,True,body,False,3,0,False,False,False
entity_anchor,s3-trou-08,4abe88d5bd5d,2,2,True,True,body,False,3,0,False,False,False
entity_anchor,s3-info-08,ba8a4a013889,3,3,True,True,head,False,3,0,False,False,False
entity_anchor,s3-comp-08,ba8a4a013889,2,2,True,True,body,False,3,0,False,False,False
entity_anchor,s3-trou-09,ba8a4a013889,1,1,True,True,body,False,3,0,False,False,False
entity_anchor,s3-info-09,baa1726cb87a,1,1,True,True,body,False,3,0,False,False,False
entity_anchor,s3-comp-09,baa1726cb87a,1,1,True,True,body,False,3,0,False,False,False
entity_anchor,s3-tran-09,b41c59fcb2e0,2,2,True,True,body,False,3,0,False,False,False
entity_anchor,s3-comp-10,1304b2be9547,2,2,True,True,body,False,3,2,True,False,False
entity_anchor,s3-tran-10,1304b2be9547,1,1,True,True,body,False,3,2,True,False,False
entity_anchor,s3-trou-10,1304b2be9547,2,2,True,True,body,False,3,2,True,False,False
entity_anchor,s3-info-10,44084e8d0a55,2,2,True,True,body,False,3,1,True,False,False
entity_anchor,s3-tran-11,1daf8466e88a,2,2,True,True,body,False,3,0,False,False,False
entity_anchor,s3-trou-11,44084e8d0a55,1,1,True,True,body,False,3,1,True,False,False
entity_anchor,s3-info-11,e6d53256b798,1,1,True,True,body,False,3,1,True,False,False
entity_anchor,s3-comp-11,e6d53256b798,1,1,True,True,body,False,3,1,True,False,False
entity_anchor,s3-trou-12,6d34f770bef1,2,2,True,True,body,False,3,0,False,False,False
entity_anchor,s3-info-12,72e6a1c8a458,1,1,True,True,body,True,3,2,True,False,False
entity_anchor,s3-comp-12,72e6a1c8a458,2,2,True,True,body,False,3,1,True,False,False
entity_anchor,s3-tran-12,72e6a1c8a458,3,3,True,True,body,False,3,1,True,False,False
entity_anchor,s3-comp-13,5707ebc75771,1,1,True,True,body,False,3,1,True,False,False
entity_anchor,s3-tran-13,5707ebc75771,1,1,True,True,body,False,3,1,True,False,False
entity_anchor,s3-trou-13,ba8a4a013889,2,2,True,True,body,False,3,0,False,False,False
entity_anchor,s3-info-13,5c7425502f0e,2,2,True,True,body,False,3,2,True,False,False
entity_anchor,s3-tran-14,5c7425502f0e,2,2,True,True,body,False,3,2,True,False,False
entity_anchor,s3-trou-14,5c7425502f0e,1,1,True,True,body,False,3,2,True,False,False
entity_anchor,s3-info-14,c946a6d27921,3,3,True,True,body,False,3,2,True,False,False
entity_anchor,s3-comp-14,c946a6d27921,2,2,True,True,body,False,3,2,True,False,False
entity_anchor,s3-trou-15,c946a6d27921,1,1,True,True,body,True,3,2,True,False,False
entity_anchor,s3-info-15,43ddf48c5681,1,1,True,True,body,False,3,0,False,False,False
entity_anchor,s3-comp-15,43ddf48c5681,1,1,True,True,body,False,3,0,False,False,False
entity_anchor,s3-tran-15,ab321b55d147,1,1,True,True,body,False,3,0,False,False,False
entity_anchor,s3-comp-16,d75d1cd34b38,4,4,True,True,head,False,3,0,False,False,False
entity_anchor,s3-tran-16,d75d1cd34b38,2,2,True,True,body,False,3,0,False,False,False
entity_anchor,s3-trou-16,d75d1cd34b38,1,1,True,True,body,False,3,0,False,False,False
entity_anchor,s3-info-16,19e3e9489af7,1,1,True,True,body,False,3,0,False,False,False
entity_anchor,s3-tran-17,19e3e9489af7,2,2,True,True,body,False,3,0,False,False,False
entity_anchor,s3-trou-17,19e3e9489af7,1,1,True,True,body,False,3,0,False,False,False
entity_anchor,s3-info-17,ab321b55d147,2,2,True,True,body,False,3,0,False,False,False
entity_anchor,s3-comp-17,ab321b55d147,3,3,True,True,head,False,3,0,False,False,False
entity_anchor,s3-trou-18,ab321b55d147,5,5,True,True,body,False,3,0,False,False,False
entity_anchor,s3-info-18,ca42a18ad475,1,1,True,True,body,False,3,1,True,False,False
entity_anchor,s3-comp-18,1304b2be9547,,,False,True,,,0,0,False,,
entity_anchor,s3-tran-18,f416cdb602aa,3,3,True,True,body,False,3,0,False,False,False
retrieval_meta,s3-comp-01,b41c59fcb2e0,1,1,True,True,body,False,3,0,False,True,True
retrieval_meta,s3-tran-01,b41c59fcb2e0,1,1,True,True,head,True,3,0,False,True,True
retrieval_meta,s3-trou-01,b41c59fcb2e0,1,1,True,True,body,False,3,0,False,True,True
retrieval_meta,s3-info-01,baf916977aa2,2,2,True,True,body,False,3,0,False,True,True
retrieval_meta,s3-tran-02,baf916977aa2,1,1,True,True,body,False,3,0,False,True,True
retrieval_meta,s3-trou-02,baf916977aa2,2,2,True,True,head,True,3,0,False,True,True
retrieval_meta,s3-info-02,96c105e5400c,1,1,True,True,body,False,3,0,False,True,True
retrieval_meta,s3-comp-02,96c105e5400c,1,1,True,True,body,False,3,0,False,True,True
retrieval_meta,s3-trou-03,96c105e5400c,1,1,True,True,body,False,3,0,False,True,True
retrieval_meta,s3-info-03,21fb30346f35,1,1,True,True,body,False,3,0,False,True,True
retrieval_meta,s3-comp-03,21fb30346f35,1,1,True,True,body,False,3,0,False,True,True
retrieval_meta,s3-tran-03,21fb30346f35,1,1,True,True,body,False,3,0,False,True,True
retrieval_meta,s3-comp-04,1daf8466e88a,1,1,True,True,head,True,3,0,False,True,True
retrieval_meta,s3-tran-04,44084e8d0a55,2,2,True,True,head,True,3,0,False,True,True
retrieval_meta,s3-trou-04,44084e8d0a55,3,3,True,True,head,True,3,0,False,True,True
retrieval_meta,s3-info-04,6d34f770bef1,3,3,True,True,body,False,3,0,False,True,True
retrieval_meta,s3-tran-05,6d34f770bef1,2,2,True,True,body,False,3,0,False,True,True
retrieval_meta,s3-trou-05,6d34f770bef1,1,1,True,True,body,False,3,0,False,True,True
retrieval_meta,s3-info-05,f416cdb602aa,1,1,True,True,head,True,3,0,False,True,True
retrieval_meta,s3-comp-05,f416cdb602aa,1,1,True,True,body,False,3,0,False,True,True
retrieval_meta,s3-trou-06,f416cdb602aa,3,3,True,True,body,False,3,0,False,True,True
retrieval_meta,s3-info-06,0a8b4cbfd175,1,1,True,True,body,False,3,0,False,True,True
retrieval_meta,s3-comp-06,baf916977aa2,1,1,True,True,body,False,3,0,False,True,True
retrieval_meta,s3-tran-06,baa1726cb87a,2,2,True,True,body,False,3,0,False,True,True
retrieval_meta,s3-comp-07,b19cb69ab942,2,2,True,True,body,False,3,0,False,True,True
retrieval_meta,s3-tran-07,b19cb69ab942,1,1,True,True,body,False,3,0,False,True,True
retrieval_meta,s3-trou-07,1daf8466e88a,1,1,True,True,body,False,3,0,False,True,True
retrieval_meta,s3-info-07,4abe88d5bd5d,2,2,True,True,body,False,3,0,False,True,True
retrieval_meta,s3-tran-08,4abe88d5bd5d,1,1,True,True,body,False,3,0,False,True,True
retrieval_meta,s3-trou-08,4abe88d5bd5d,2,2,True,True,body,False,3,0,False,True,True
retrieval_meta,s3-info-08,ba8a4a013889,1,1,True,True,body,False,3,0,False,True,True
retrieval_meta,s3-comp-08,ba8a4a013889,2,2,True,True,body,False,3,0,False,True,True
retrieval_meta,s3-trou-09,ba8a4a013889,1,1,True,True,body,False,3,0,False,True,True
retrieval_meta,s3-info-09,baa1726cb87a,1,1,True,True,body,False,3,0,False,True,True
retrieval_meta,s3-comp-09,baa1726cb87a,1,1,True,True,body,False,3,0,False,True,True
retrieval_meta,s3-tran-09,b41c59fcb2e0,2,2,True,True,body,False,3,0,False,True,True
retrieval_meta,s3-comp-10,1304b2be9547,2,2,True,True,body,False,3,0,False,True,True
retrieval_meta,s3-tran-10,1304b2be9547,1,1,True,True,body,False,3,0,False,True,True
retrieval_meta,s3-trou-10,1304b2be9547,2,2,True,True,head,True,3,0,False,True,True
retrieval_meta,s3-info-10,44084e8d0a55,2,2,True,True,head,True,3,0,False,True,True
retrieval_meta,s3-tran-11,1daf8466e88a,2,2,True,True,body,False,3,0,False,True,True
retrieval_meta,s3-trou-11,44084e8d0a55,1,1,True,True,body,False,3,0,False,True,True
retrieval_meta,s3-info-11,e6d53256b798,1,1,True,True,head,True,3,0,False,True,True
retrieval_meta,s3-comp-11,e6d53256b798,4,4,True,True,head,True,3,0,False,True,True
retrieval_meta,s3-trou-12,6d34f770bef1,2,2,True,True,body,False,3,0,False,True,True
retrieval_meta,s3-info-12,72e6a1c8a458,1,1,True,True,body,False,3,0,False,True,True
retrieval_meta,s3-comp-12,72e6a1c8a458,2,2,True,True,body,False,3,0,False,True,True
retrieval_meta,s3-tran-12,72e6a1c8a458,1,1,True,True,head,True,3,0,False,True,True
retrieval_meta,s3-comp-13,5707ebc75771,1,1,True,True,head,True,3,0,False,True,True
retrieval_meta,s3-tran-13,5707ebc75771,1,1,True,True,body,False,3,0,False,True,True
retrieval_meta,s3-trou-13,ba8a4a013889,2,2,True,True,body,False,3,0,False,True,True
retrieval_meta,s3-info-13,5c7425502f0e,2,2,True,True,body,False,3,0,False,True,True
retrieval_meta,s3-tran-14,5c7425502f0e,2,2,True,True,body,False,3,0,False,True,True
retrieval_meta,s3-trou-14,5c7425502f0e,1,1,True,True,body,False,3,0,False,True,True
retrieval_meta,s3-info-14,c946a6d27921,3,3,True,True,body,False,3,0,False,True,True
retrieval_meta,s3-comp-14,c946a6d27921,2,2,True,True,body,False,3,0,False,True,True
retrieval_meta,s3-trou-15,c946a6d27921,1,1,True,True,body,False,3,0,False,True,True
retrieval_meta,s3-info-15,43ddf48c5681,1,1,True,True,body,False,3,0,False,True,True
retrieval_meta,s3-comp-15,43ddf48c5681,1,1,True,True,body,False,3,0,False,True,True
retrieval_meta,s3-tran-15,ab321b55d147,1,1,True,True,body,False,3,0,False,True,True
retrieval_meta,s3-comp-16,d75d1cd34b38,3,3,True,True,head,True,3,0,False,True,True
retrieval_meta,s3-tran-16,d75d1cd34b38,2,2,True,True,body,False,3,0,False,True,True
retrieval_meta,s3-trou-16,d75d1cd34b38,1,1,True,True,body,False,3,0,False,True,True
retrieval_meta,s3-info-16,19e3e9489af7,1,1,True,True,head,True,3,0,False,True,True
retrieval_meta,s3-tran-17,19e3e9489af7,2,2,True,True,body,False,3,0,False,True,True
retrieval_meta,s3-trou-17,19e3e9489af7,1,1,True,True,body,False,3,0,False,True,True
retrieval_meta,s3-info-17,ab321b55d147,2,2,True,True,body,False,3,0,False,True,True
retrieval_meta,s3-comp-17,ab321b55d147,1,1,True,True,head,True,3,0,False,True,True
retrieval_meta,s3-trou-18,ab321b55d147,1,1,True,True,head,True,3,0,False,True,True
retrieval_meta,s3-info-18,ca42a18ad475,1,1,True,True,body,False,3,0,False,True,True
retrieval_meta,s3-comp-18,1304b2be9547,3,3,True,True,body,False,3,0,False,True,True
retrieval_meta,s3-tran-18,f416cdb602aa,3,3,True,True,body,False,3,0,False,True,True
content:fact_passage,s3-comp-01,b41c59fcb2e0,1,1,True,True,body,False,3,3,True,False,False
content:fact_passage,s3-tran-01,b41c59fcb2e0,2,2,True,True,body,False,3,2,True,False,False
content:fact_passage,s3-trou-01,b41c59fcb2e0,1,1,True,True,body,False,3,2,True,False,False
content:fact_passage,s3-info-01,baf916977aa2,2,2,True,True,body,False,3,2,True,False,False
content:fact_passage,s3-tran-02,baf916977aa2,1,1,True,True,body,False,3,2,True,False,False
content:fact_passage,s3-trou-02,baf916977aa2,3,3,True,True,head,False,3,2,True,False,False
content:fact_passage,s3-info-02,96c105e5400c,1,1,True,True,body,False,3,3,True,False,False
content:fact_passage,s3-comp-02,96c105e5400c,1,1,True,True,body,False,3,3,True,False,False
content:fact_passage,s3-trou-03,96c105e5400c,1,1,True,True,body,False,3,3,True,False,False
content:fact_passage,s3-info-03,21fb30346f35,1,1,True,True,body,False,3,3,True,False,False
content:fact_passage,s3-comp-03,21fb30346f35,1,1,True,True,body,False,3,3,True,False,False
content:fact_passage,s3-tran-03,21fb30346f35,1,1,True,True,body,False,3,3,True,False,False
content:fact_passage,s3-comp-04,1daf8466e88a,2,2,True,True,body,False,3,1,True,False,False
content:fact_passage,s3-tran-04,44084e8d0a55,2,2,True,True,body,False,3,2,True,False,False
content:fact_passage,s3-trou-04,44084e8d0a55,5,5,True,True,body,False,3,2,True,False,False
content:fact_passage,s3-info-04,6d34f770bef1,3,3,True,True,body,False,3,3,True,False,False
content:fact_passage,s3-tran-05,6d34f770bef1,2,2,True,True,body,False,3,3,True,False,False
content:fact_passage,s3-trou-05,6d34f770bef1,1,1,True,True,body,False,3,3,True,False,False
content:fact_passage,s3-info-05,f416cdb602aa,1,1,True,True,body,False,3,2,True,False,False
content:fact_passage,s3-comp-05,f416cdb602aa,1,1,True,True,body,False,3,2,True,False,False
content:fact_passage,s3-trou-06,f416cdb602aa,3,3,True,True,body,False,3,2,True,False,False
content:fact_passage,s3-info-06,0a8b4cbfd175,1,1,True,True,body,False,3,1,True,False,False
content:fact_passage,s3-comp-06,baf916977aa2,1,1,True,True,body,False,3,2,True,False,False
content:fact_passage,s3-tran-06,baa1726cb87a,2,2,True,True,body,False,3,2,True,False,False
content:fact_passage,s3-comp-07,b19cb69ab942,2,2,True,True,head,False,3,2,True,False,False
content:fact_passage,s3-tran-07,b19cb69ab942,1,1,True,True,body,False,3,1,True,False,False
content:fact_passage,s3-trou-07,1daf8466e88a,1,1,True,True,body,False,3,1,True,False,False
content:fact_passage,s3-info-07,4abe88d5bd5d,2,2,True,True,body,False,3,1,True,False,False
content:fact_passage,s3-tran-08,4abe88d5bd5d,1,1,True,True,body,False,3,1,True,False,False
content:fact_passage,s3-trou-08,4abe88d5bd5d,2,2,True,True,body,False,3,1,True,False,False
content:fact_passage,s3-info-08,ba8a4a013889,3,3,True,True,head,False,3,3,True,False,False
content:fact_passage,s3-comp-08,ba8a4a013889,2,2,True,True,body,False,3,3,True,False,False
content:fact_passage,s3-trou-09,ba8a4a013889,1,1,True,True,body,False,3,3,True,False,False
content:fact_passage,s3-info-09,baa1726cb87a,1,1,True,True,body,False,3,2,True,False,False
content:fact_passage,s3-comp-09,baa1726cb87a,1,1,True,True,body,False,3,2,True,False,False
content:fact_passage,s3-tran-09,b41c59fcb2e0,2,2,True,True,body,False,3,3,True,False,False
content:fact_passage,s3-comp-10,1304b2be9547,2,2,True,True,body,False,3,3,True,False,False
content:fact_passage,s3-tran-10,1304b2be9547,1,1,True,True,body,False,3,3,True,False,False
content:fact_passage,s3-trou-10,1304b2be9547,2,2,True,True,body,False,3,2,True,False,False
content:fact_passage,s3-info-10,44084e8d0a55,2,2,True,True,body,False,3,2,True,False,False
content:fact_passage,s3-tran-11,1daf8466e88a,2,2,True,True,body,False,3,1,True,False,False
content:fact_passage,s3-trou-11,44084e8d0a55,1,1,True,True,body,False,3,2,True,False,False
content:fact_passage,s3-info-11,e6d53256b798,1,1,True,True,body,False,3,2,True,False,False
content:fact_passage,s3-comp-11,e6d53256b798,1,1,True,True,body,False,3,2,True,False,False
content:fact_passage,s3-trou-12,6d34f770bef1,2,2,True,True,body,False,3,3,True,False,False
content:fact_passage,s3-info-12,72e6a1c8a458,1,1,True,True,body,False,3,2,True,False,False
content:fact_passage,s3-comp-12,72e6a1c8a458,2,2,True,True,body,False,3,2,True,False,False
content:fact_passage,s3-tran-12,72e6a1c8a458,3,3,True,True,body,False,3,1,True,False,False
content:fact_passage,s3-comp-13,5707ebc75771,1,1,True,True,body,False,3,2,True,False,False
content:fact_passage,s3-tran-13,5707ebc75771,1,1,True,True,body,False,3,2,True,False,False
content:fact_passage,s3-trou-13,ba8a4a013889,2,2,True,True,body,False,3,2,True,False,False
content:fact_passage,s3-info-13,5c7425502f0e,2,2,True,True,body,False,3,1,True,False,False
content:fact_passage,s3-tran-14,5c7425502f0e,2,2,True,True,body,False,3,2,True,False,False
content:fact_passage,s3-trou-14,5c7425502f0e,1,1,True,True,body,False,3,2,True,False,False
content:fact_passage,s3-info-14,c946a6d27921,3,3,True,True,body,False,3,2,True,False,False
content:fact_passage,s3-comp-14,c946a6d27921,2,2,True,True,body,False,3,2,True,False,False
content:fact_passage,s3-trou-15,c946a6d27921,1,1,True,True,body,False,3,1,True,False,False
content:fact_passage,s3-info-15,43ddf48c5681,1,1,True,True,body,False,3,3,True,False,False
content:fact_passage,s3-comp-15,43ddf48c5681,1,1,True,True,body,False,3,3,True,False,False
content:fact_passage,s3-tran-15,ab321b55d147,1,1,True,True,body,False,3,1,True,False,False
content:fact_passage,s3-comp-16,d75d1cd34b38,4,4,True,True,head,False,3,3,True,False,False
content:fact_passage,s3-tran-16,d75d1cd34b38,2,2,True,True,body,False,3,3,True,False,False
content:fact_passage,s3-trou-16,d75d1cd34b38,1,1,True,True,body,False,3,3,True,False,False
content:fact_passage,s3-info-16,19e3e9489af7,1,1,True,True,body,False,3,2,True,False,False
content:fact_passage,s3-tran-17,19e3e9489af7,2,2,True,True,body,False,3,1,True,False,False
content:fact_passage,s3-trou-17,19e3e9489af7,1,1,True,True,body,False,3,2,True,False,False
content:fact_passage,s3-info-17,ab321b55d147,2,2,True,True,body,False,3,1,True,False,False
content:fact_passage,s3-comp-17,ab321b55d147,3,3,True,True,head,False,3,1,True,False,False
content:fact_passage,s3-trou-18,ab321b55d147,5,5,True,True,body,False,3,2,True,False,False
content:fact_passage,s3-info-18,ca42a18ad475,1,1,True,True,body,False,3,2,True,False,False
content:fact_passage,s3-comp-18,1304b2be9547,3,3,True,True,body,False,3,2,True,False,False
content:fact_passage,s3-tran-18,f416cdb602aa,3,3,True,True,body,False,3,1,True,False,False
content:entity_anchor,s3-comp-01,b41c59fcb2e0,1,1,True,True,body,False,3,1,True,False,False
content:entity_anchor,s3-tran-01,b41c59fcb2e0,2,2,True,True,body,False,3,0,False,False,False
content:entity_anchor,s3-trou-01,b41c59fcb2e0,1,1,True,True,body,False,3,0,False,False,False
content:entity_anchor,s3-info-01,baf916977aa2,2,2,True,True,body,False,3,2,True,False,False
content:entity_anchor,s3-tran-02,baf916977aa2,1,1,True,True,body,False,3,2,True,False,False
content:entity_anchor,s3-trou-02,baf916977aa2,3,3,True,True,head,False,3,2,True,False,False
content:entity_anchor,s3-info-02,96c105e5400c,1,1,True,True,body,False,3,1,True,False,False
content:entity_anchor,s3-comp-02,96c105e5400c,1,1,True,True,body,False,3,1,True,False,False
content:entity_anchor,s3-trou-03,96c105e5400c,1,1,True,True,body,False,3,1,True,False,False
content:entity_anchor,s3-info-03,21fb30346f35,1,1,True,True,body,False,3,1,True,False,False
content:entity_anchor,s3-comp-03,21fb30346f35,1,1,True,True,body,False,3,1,True,False,False
content:entity_anchor,s3-tran-03,21fb30346f35,1,1,True,True,body,False,3,1,True,False,False
content:entity_anchor,s3-comp-04,1daf8466e88a,2,2,True,True,body,False,3,0,False,False,False
content:entity_anchor,s3-tran-04,44084e8d0a55,2,2,True,True,body,False,3,1,True,False,False
content:entity_anchor,s3-trou-04,44084e8d0a55,5,5,True,True,body,False,3,1,True,False,False
content:entity_anchor,s3-info-04,6d34f770bef1,3,3,True,True,body,False,3,0,False,False,False
content:entity_anchor,s3-tran-05,6d34f770bef1,2,2,True,True,body,False,3,0,False,False,False
content:entity_anchor,s3-trou-05,6d34f770bef1,1,1,True,True,body,False,3,0,False,False,False
content:entity_anchor,s3-info-05,f416cdb602aa,1,1,True,True,body,False,3,0,False,False,False
content:entity_anchor,s3-comp-05,f416cdb602aa,1,1,True,True,body,False,3,0,False,False,False
content:entity_anchor,s3-trou-06,f416cdb602aa,3,3,True,True,body,False,3,0,False,False,False
content:entity_anchor,s3-info-06,0a8b4cbfd175,1,1,True,True,body,False,3,0,False,False,False
content:entity_anchor,s3-comp-06,baf916977aa2,1,1,True,True,body,False,3,2,True,False,False
content:entity_anchor,s3-tran-06,baa1726cb87a,2,2,True,True,body,False,3,0,False,False,False
content:entity_anchor,s3-comp-07,b19cb69ab942,2,2,True,True,head,False,3,0,False,False,False
content:entity_anchor,s3-tran-07,b19cb69ab942,1,1,True,True,body,False,3,0,False,False,False
content:entity_anchor,s3-trou-07,1daf8466e88a,1,1,True,True,body,False,3,0,False,False,False
content:entity_anchor,s3-info-07,4abe88d5bd5d,2,2,True,True,body,False,3,0,False,False,False
content:entity_anchor,s3-tran-08,4abe88d5bd5d,1,1,True,True,body,False,3,0,False,False,False
content:entity_anchor,s3-trou-08,4abe88d5bd5d,2,2,True,True,body,False,3,0,False,False,False
content:entity_anchor,s3-info-08,ba8a4a013889,3,3,True,True,head,False,3,0,False,False,False
content:entity_anchor,s3-comp-08,ba8a4a013889,2,2,True,True,body,False,3,0,False,False,False
content:entity_anchor,s3-trou-09,ba8a4a013889,1,1,True,True,body,False,3,0,False,False,False
content:entity_anchor,s3-info-09,baa1726cb87a,1,1,True,True,body,False,3,0,False,False,False
content:entity_anchor,s3-comp-09,baa1726cb87a,1,1,True,True,body,False,3,0,False,False,False
content:entity_anchor,s3-tran-09,b41c59fcb2e0,2,2,True,True,body,False,3,0,False,False,False
content:entity_anchor,s3-comp-10,1304b2be9547,2,2,True,True,body,False,3,2,True,False,False
content:entity_anchor,s3-tran-10,1304b2be9547,1,1,True,True,body,False,3,2,True,False,False
content:entity_anchor,s3-trou-10,1304b2be9547,2,2,True,True,body,False,3,2,True,False,False
content:entity_anchor,s3-info-10,44084e8d0a55,2,2,True,True,body,False,3,1,True,False,False
content:entity_anchor,s3-tran-11,1daf8466e88a,2,2,True,True,body,False,3,0,False,False,False
content:entity_anchor,s3-trou-11,44084e8d0a55,1,1,True,True,body,False,3,1,True,False,False
content:entity_anchor,s3-info-11,e6d53256b798,1,1,True,True,body,False,3,1,True,False,False
content:entity_anchor,s3-comp-11,e6d53256b798,1,1,True,True,body,False,3,1,True,False,False
content:entity_anchor,s3-trou-12,6d34f770bef1,2,2,True,True,body,False,3,0,False,False,False
content:entity_anchor,s3-info-12,72e6a1c8a458,1,1,True,True,body,False,3,2,True,False,False
content:entity_anchor,s3-comp-12,72e6a1c8a458,2,2,True,True,body,False,3,1,True,False,False
content:entity_anchor,s3-tran-12,72e6a1c8a458,3,3,True,True,body,False,3,1,True,False,False
content:entity_anchor,s3-comp-13,5707ebc75771,1,1,True,True,body,False,3,1,True,False,False
content:entity_anchor,s3-tran-13,5707ebc75771,1,1,True,True,body,False,3,1,True,False,False
content:entity_anchor,s3-trou-13,ba8a4a013889,2,2,True,True,body,False,3,0,False,False,False
content:entity_anchor,s3-info-13,5c7425502f0e,2,2,True,True,body,False,3,2,True,False,False
content:entity_anchor,s3-tran-14,5c7425502f0e,2,2,True,True,body,False,3,2,True,False,False
content:entity_anchor,s3-trou-14,5c7425502f0e,1,1,True,True,body,False,3,2,True,False,False
content:entity_anchor,s3-info-14,c946a6d27921,3,3,True,True,body,False,3,2,True,False,False
content:entity_anchor,s3-comp-14,c946a6d27921,2,2,True,True,body,False,3,2,True,False,False
content:entity_anchor,s3-trou-15,c946a6d27921,1,1,True,True,body,False,3,2,True,False,False
content:entity_anchor,s3-info-15,43ddf48c5681,1,1,True,True,body,False,3,0,False,False,False
content:entity_anchor,s3-comp-15,43ddf48c5681,1,1,True,True,body,False,3,0,False,False,False
content:entity_anchor,s3-tran-15,ab321b55d147,1,1,True,True,body,False,3,0,False,False,False
content:entity_anchor,s3-comp-16,d75d1cd34b38,4,4,True,True,head,False,3,0,False,False,False
content:entity_anchor,s3-tran-16,d75d1cd34b38,2,2,True,True,body,False,3,0,False,False,False
content:entity_anchor,s3-trou-16,d75d1cd34b38,1,1,True,True,body,False,3,0,False,False,False
content:entity_anchor,s3-info-16,19e3e9489af7,1,1,True,True,body,False,3,0,False,False,False
content:entity_anchor,s3-tran-17,19e3e9489af7,2,2,True,True,body,False,3,0,False,False,False
content:entity_anchor,s3-trou-17,19e3e9489af7,1,1,True,True,body,False,3,0,False,False,False
content:entity_anchor,s3-info-17,ab321b55d147,2,2,True,True,body,False,3,0,False,False,False
content:entity_anchor,s3-comp-17,ab321b55d147,3,3,True,True,head,False,3,0,False,False,False
content:entity_anchor,s3-trou-18,ab321b55d147,5,5,True,True,body,False,3,0,False,False,False
content:entity_anchor,s3-info-18,ca42a18ad475,1,1,True,True,body,False,3,1,True,False,False
content:entity_anchor,s3-comp-18,1304b2be9547,3,3,True,True,body,False,3,2,True,False,False
content:entity_anchor,s3-tran-18,f416cdb602aa,3,3,True,True,body,False,3,0,False,False,False
content:retrieval_meta,s3-comp-01,b41c59fcb2e0,1,1,True,True,body,False,3,0,False,True,True
content:retrieval_meta,s3-tran-01,b41c59fcb2e0,2,2,True,True,body,False,3,0,False,True,True
content:retrieval_meta,s3-trou-01,b41c59fcb2e0,1,1,True,True,body,False,3,0,False,True,True
content:retrieval_meta,s3-info-01,baf916977aa2,2,2,True,True,body,False,3,0,False,True,True
content:retrieval_meta,s3-tran-02,baf916977aa2,1,1,True,True,body,False,3,0,False,True,True
content:retrieval_meta,s3-trou-02,baf916977aa2,3,3,True,True,head,False,3,0,False,True,True
content:retrieval_meta,s3-info-02,96c105e5400c,1,1,True,True,body,False,3,0,False,True,True
content:retrieval_meta,s3-comp-02,96c105e5400c,1,1,True,True,body,False,3,0,False,True,True
content:retrieval_meta,s3-trou-03,96c105e5400c,1,1,True,True,body,False,3,0,False,True,True
content:retrieval_meta,s3-info-03,21fb30346f35,1,1,True,True,body,False,3,0,False,True,True
content:retrieval_meta,s3-comp-03,21fb30346f35,1,1,True,True,body,False,3,0,False,True,True
content:retrieval_meta,s3-tran-03,21fb30346f35,1,1,True,True,body,False,3,0,False,True,True
content:retrieval_meta,s3-comp-04,1daf8466e88a,2,2,True,True,body,False,3,0,False,True,True
content:retrieval_meta,s3-tran-04,44084e8d0a55,2,2,True,True,body,False,3,0,False,True,True
content:retrieval_meta,s3-trou-04,44084e8d0a55,5,5,True,True,body,False,3,0,False,True,True
content:retrieval_meta,s3-info-04,6d34f770bef1,3,3,True,True,body,False,3,0,False,True,True
content:retrieval_meta,s3-tran-05,6d34f770bef1,2,2,True,True,body,False,3,0,False,True,True
content:retrieval_meta,s3-trou-05,6d34f770bef1,1,1,True,True,body,False,3,0,False,True,True
content:retrieval_meta,s3-info-05,f416cdb602aa,1,1,True,True,body,False,3,0,False,True,True
content:retrieval_meta,s3-comp-05,f416cdb602aa,1,1,True,True,body,False,3,0,False,True,True
content:retrieval_meta,s3-trou-06,f416cdb602aa,3,3,True,True,body,False,3,0,False,True,True
content:retrieval_meta,s3-info-06,0a8b4cbfd175,1,1,True,True,body,False,3,0,False,True,True
content:retrieval_meta,s3-comp-06,baf916977aa2,1,1,True,True,body,False,3,0,False,True,True
content:retrieval_meta,s3-tran-06,baa1726cb87a,2,2,True,True,body,False,3,0,False,True,True
content:retrieval_meta,s3-comp-07,b19cb69ab942,2,2,True,True,head,False,3,0,False,True,True
content:retrieval_meta,s3-tran-07,b19cb69ab942,1,1,True,True,body,False,3,0,False,True,True
content:retrieval_meta,s3-trou-07,1daf8466e88a,1,1,True,True,body,False,3,0,False,True,True
content:retrieval_meta,s3-info-07,4abe88d5bd5d,2,2,True,True,body,False,3,0,False,True,True
content:retrieval_meta,s3-tran-08,4abe88d5bd5d,1,1,True,True,body,False,3,0,False,True,True
content:retrieval_meta,s3-trou-08,4abe88d5bd5d,2,2,True,True,body,False,3,0,False,True,True
content:retrieval_meta,s3-info-08,ba8a4a013889,3,3,True,True,head,False,3,0,False,True,True
content:retrieval_meta,s3-comp-08,ba8a4a013889,2,2,True,True,body,False,3,0,False,True,True
content:retrieval_meta,s3-trou-09,ba8a4a013889,1,1,True,True,body,False,3,0,False,True,True
content:retrieval_meta,s3-info-09,baa1726cb87a,1,1,True,True,body,False,3,0,False,True,True
content:retrieval_meta,s3-comp-09,baa1726cb87a,1,1,True,True,body,False,3,0,False,True,True
content:retrieval_meta,s3-tran-09,b41c59fcb2e0,2,2,True,True,body,False,3,0,False,True,True
content:retrieval_meta,s3-comp-10,1304b2be9547,2,2,True,True,body,False,3,0,False,True,True
content:retrieval_meta,s3-tran-10,1304b2be9547,1,1,True,True,body,False,3,0,False,True,True
content:retrieval_meta,s3-trou-10,1304b2be9547,2,2,True,True,body,False,3,0,False,True,True
content:retrieval_meta,s3-info-10,44084e8d0a55,2,2,True,True,body,False,3,0,False,True,True
content:retrieval_meta,s3-tran-11,1daf8466e88a,2,2,True,True,body,False,3,0,False,True,True
content:retrieval_meta,s3-trou-11,44084e8d0a55,1,1,True,True,body,False,3,0,False,True,True
content:retrieval_meta,s3-info-11,e6d53256b798,1,1,True,True,body,False,3,0,False,True,True
content:retrieval_meta,s3-comp-11,e6d53256b798,1,1,True,True,body,False,3,0,False,True,True
content:retrieval_meta,s3-trou-12,6d34f770bef1,2,2,True,True,body,False,3,0,False,True,True
content:retrieval_meta,s3-info-12,72e6a1c8a458,1,1,True,True,body,False,3,0,False,True,True
content:retrieval_meta,s3-comp-12,72e6a1c8a458,2,2,True,True,body,False,3,0,False,True,True
content:retrieval_meta,s3-tran-12,72e6a1c8a458,3,3,True,True,body,False,3,0,False,True,True
content:retrieval_meta,s3-comp-13,5707ebc75771,1,1,True,True,body,False,3,0,False,True,True
content:retrieval_meta,s3-tran-13,5707ebc75771,1,1,True,True,body,False,3,0,False,True,True
content:retrieval_meta,s3-trou-13,ba8a4a013889,2,2,True,True,body,False,3,0,False,True,True
content:retrieval_meta,s3-info-13,5c7425502f0e,2,2,True,True,body,False,3,0,False,True,True
content:retrieval_meta,s3-tran-14,5c7425502f0e,2,2,True,True,body,False,3,0,False,True,True
content:retrieval_meta,s3-trou-14,5c7425502f0e,1,1,True,True,body,False,3,0,False,True,True
content:retrieval_meta,s3-info-14,c946a6d27921,3,3,True,True,body,False,3,0,False,True,True
content:retrieval_meta,s3-comp-14,c946a6d27921,2,2,True,True,body,False,3,0,False,True,True
content:retrieval_meta,s3-trou-15,c946a6d27921,1,1,True,True,body,False,3,0,False,True,True
content:retrieval_meta,s3-info-15,43ddf48c5681,1,1,True,True,body,False,3,0,False,True,True
content:retrieval_meta,s3-comp-15,43ddf48c5681,1,1,True,True,body,False,3,0,False,True,True
content:retrieval_meta,s3-tran-15,ab321b55d147,1,1,True,True,body,False,3,0,False,True,True
content:retrieval_meta,s3-comp-16,d75d1cd34b38,4,4,True,True,head,False,3,0,False,True,True
content:retrieval_meta,s3-tran-16,d75d1cd34b38,2,2,True,True,body,False,3,0,False,True,True
content:retrieval_meta,s3-trou-16,d75d1cd34b38,1,1,True,True,body,False,3,0,False,True,True
content:retrieval_meta,s3-info-16,19e3e9489af7,1,1,True,True,body,False,3,0,False,True,True
content:retrieval_meta,s3-tran-17,19e3e9489af7,2,2,True,True,body,False,3,0,False,True,True
content:retrieval_meta,s3-trou-17,19e3e9489af7,1,1,True,True,body,False,3,0,False,True,True
content:retrieval_meta,s3-info-17,ab321b55d147,2,2,True,True,body,False,3,0,False,True,True
content:retrieval_meta,s3-comp-17,ab321b55d147,3,3,True,True,head,False,3,0,False,True,True
content:retrieval_meta,s3-trou-18,ab321b55d147,5,5,True,True,body,False,3,0,False,True,True
content:retrieval_meta,s3-info-18,ca42a18ad475,1,1,True,True,body,False,3,0,False,True,True
content:retrieval_meta,s3-comp-18,1304b2be9547,3,3,True,True,body,False,3,0,False,True,True
content:retrieval_meta,s3-tran-18,f416cdb602aa,3,3,True,True,body,False,3,0,False,True,True
